CRN,Course,Title,Distribution,Time,Professor1,Professor2,Location,Day
13587,AFR 105 - 01,Intro to Black Experience,"HS, SBA",01:30 pm - 04:00 pm,Selwyn Cudjoe,,None,T
13958,AFR 207 - 01,Images Africana People-Cinema,ARS,07:00 pm - 09:30 pm,Pashington Obeng,,None,T
13813,AFR 217 - 01,The Black Family,SBA,11:10 am - 12:20 pm,Ophera Davis,,None,TF
13812,AFR 225 - 01,Intro Black Psychology,SBA,07:00 pm - 09:30 pm,Ophera Davis,,None,W
13960,AFR 234 - 01,Intro to West Indian Lit,LL,07:00 pm - 09:30 pm,Selwyn Cudjoe,,None,M
13961,AFR 255 - 01,Black Woman Cross-Culturally,SBA,01:30 pm - 02:40 pm,Filomina Steady,,None,MR
13592,AFR 297 - 01,Medical Anthro:Comparative Std,SBA,02:15 pm - 04:45 pm,Filomina Steady,,None,W
13962,AFR 311 - 01,African Pentecostalism,REP,02:50 pm - 05:20 pm,Pashington Obeng,,None,M
10596,AMST 101 - 01,Intro to American Studies,HS,09:50 am - 11:00 am,Michael Jeffries,,None,TF
14208,AMST 151 - 01,The Asian American Experience,"HS, REP",11:10 am - 12:20 pm,Yoon Lee,,None,TF
14068,AMST 161 - 01,Latinas/os in the U.S.,SBA,11:10 am - 12:20 pm,Petra Rivera-Rideau,,None,MR
13329,AMST 246 - 01,U.S. Immigration ,SBA,11:10 am - 12:20 pm,Peggy Levitt,,None,MR
13814,AMST 249 - 01,"Celebrity, Fame, and Fortune",SBA,01:30 pm - 04:00 pm,Jonathan Imber,,None,T
13764,AMST 266 - 01,Tpc: American Novels and Films,None,01:30 pm - 02:40 pm,William Cain,,None,TF
13963,AMST 281 - 01,Rainbow Republic: Am Culture,HS,09:50 am - 11:00 am,Paul Fisher,,None,MR
13964,AMST 290 - 01,Afro-Latinas/os in the U.S.,SBA,02:50 pm - 04:00 pm,Petra Rivera-Rideau,,None,MR
14154,AMST 296 - 01,Immigration & Diaspora,LL,09:50 am - 11:00 am,Kathleen Brogan,,None,TF
14173,AMST 299 - 01,Horror Films in America,ARS,06:30 pm - 09:00 pm; 02:15 pm - 03:25 pm,Vernon Shetley,,None,M; W
13965,AMST 317 - 01,Sem:Tpc: Real Barak Obama,None,02:15 pm - 04:45 pm,Michael Jeffries,,None,W
14160,AMST 319 - 01,"Sem:Religion,Law & Politics","HS, REP",09:50 am - 12:20 pm,Stephen Marini,,None,W
10946,ANTH 104 - 01,Intro Cultural/Social Anth,SBA,11:10 am - 12:20 pm,Susan Ellison,,None,MR
13647,ANTH 206 - 01,Archaeology,SBA,11:10 am - 12:20 pm,None,,None,TF
13966,ANTH 219 - 01,Balkan Cinema,SBA,06:00 pm - 08:30 pm,Anastasia Karakasidou,,None,R
14069,ANTH 239 - 01,Visual Culture of South Asia,"ARS, SBA",09:50 am - 11:00 am,Deborah Matzner,,None,TF
14070,ANTH 243 - 01,The (In)Visible Native America,SBA,09:50 am - 11:00 am,Adam Van Arsdale,,None,MR
13968,ANTH 245 - 01,Anthropology of Latin America,SBA,02:50 pm - 04:00 pm,Susan Ellison,,None,MR
12255,ANTH 301 - 01,Anthropological Theory,SBA,06:00 pm - 08:30 pm,Anastasia Karakasidou,,None,M
13969,ANTH 305 - 01,Ethnographic Film,SBA,01:30 pm - 04:00 pm,Deborah Matzner,,None,T
13970,ANTH 314 - 01,Human Biology and Society,SBA,01:30 pm - 02:40 pm,Adam Van Arsdale,,None,MR
11049,ARAB 101 - 01,Elementary Arabic,None,08:30 am - 09:40 am,Daniel Zitnick,,None,MTWR
11362,ARAB 101 - 02,Elementary Arabic,None,09:50 am - 11:00 am,Daniel Zitnick,,None,MTWR
11050,ARAB 201 - 01,Intermediate Arabic,None,08:30 am - 09:40 am,Rachid Aadnani,,None,MWR
11888,ARAB 201 - 02,Intermediate Arabic,None,09:50 am - 11:00 am,Rachid Aadnani,,None,MWR
13971,ARAB 301 - 01,Advanced Arabic I,LL,01:30 pm - 04:00 pm,Daniel Zitnick,,None,W
13246,ARTH 100 - 01,Intro: Art and its Histories,ARS,11:10 am - 12:20 pm,Kimberly Cassibry,,None,MR
10171,ARTH 100 - 02,Intro: Art and its Histories,ARS,01:30 pm - 02:40 pm,Patricia Berman,,None,MR
13840,ARTH 100 - 03,Intro: Art and its Histories,ARS,09:50 am - 11:00 am,Heping Liu,,None,TF
13598,ARTH 200 - 01,Architecture & Urban Form,ARS,02:15 pm - 04:45 pm,Alice Friedman,,None,W
13972,ARTH 218 - 01,Painting i/Netherlands 15C&16C,ARS,11:10 am - 12:20 pm,Margaret Carroll,,None,TF
13973,ARTH 241 - 01,Egyptian Art & Archaeology,ARS,02:15 pm - 04:45 pm,Rita Freed,,None,W
13974,ARTH 248 - 01,Chinese Painting,ARS,08:30 am - 09:40 am,Heping Liu,,None,MR
13975,ARTH 251 - 01,"Renaissance Italy, 1300-1500",ARS,01:30 pm - 02:40 pm,Jacqueline Musacchio,,None,MR
13976,ARTH 289 - 01,19th-Century European Art,ARS,08:30 am - 09:40 am,Elizabeth Oliver,,None,TF
14072,ARTH 313 - 01,Sem: Eurasia,ARS,09:50 am - 12:20 pm,Elizabeth Oliver,,None,R
14071,ARTH 317 - 01,Historic Preservation,ARS,09:50 am - 12:20 pm,Martha McNamara,,None,W
13977,ARTH 331 - 01,"Sem:Tpc:Virtue, Vice, Violence",ARS,02:50 pm - 05:20 pm,Margaret Carroll,,None,R
13978,ARTH 335 - 01,Sem:Tpc: Postwar Modern,ARS,01:30 pm - 04:00 pm,Patricia Berman,; Martin Brody; Alice Friedman,None,T
14206,ARTH 343 - 01,Sem: Roman Monuments,ARS,06:00 pm - 08:30 pm,Kimberly Cassibry,,None,R
13979,ARTH 364 - 01,Women Filmmakers,ARS,09:50 am - 12:20 pm,Salem Mekuria,,None,W
13982,ARTS 105 - 01,Drawing I,ARS,09:50 am - 12:20 pm,Andrew Mowbray,,None,MR
10413,ARTS 105 - 02,Drawing I,ARS,02:50 pm - 05:20 pm,Phyllis McGibbon,,None,MR
10162,ARTS 108 - 01,Photography I,ARS,01:30 pm - 04:00 pm,David Kelley,,None,MR
14074,ARTS 111 - 01,Color Theory,ARS,09:50 am - 12:20 pm,None,,None,TF
11256,ARTS 113 - 01,3-D Design,ARS,09:50 am - 12:20 pm,Carlos Dorrien,,None,TF
10121,ARTS 165 - 01,Intro Film & Video Production,ARS,09:50 am - 12:20 pm,Sarah Peck,,None,TF
10617,ARTS 207 - 01,Sculpture I,ARS,01:30 pm - 04:00 pm,Carlos Dorrien,,None,TF
13654,ARTS 208 - 01,Interm Digital Photography,ARS,09:50 am - 12:20 pm,David Kelley,,None,MR
11430,ARTS 218 - 01,Intro Painting,ARS,01:30 pm - 04:00 pm,None,,None,TF
14075,ARTS 223 - 01,Alternative Print Methods,None,06:30 pm - 09:00 pm,Phyllis McGibbon,,None,TR
13607,ARTS 255 - 01,Dynamic Interface Design,ARS,09:50 am - 12:20 pm,David Olsen,,None,TF
13608,ARTS 265 - 01,Intermed Video Production,ARS,01:30 pm - 05:20 pm,Salem Mekuria,,None,M
11591,ARTS 314 - 01,Advanced Drawing,ARS,02:15 pm - 03:25 pm; 08:30 am - 12:20 pm,Daniela Rivera,,None,W; W
13980,ARTS 321 - 01,Advanced New Media,ARS,01:30 pm - 04:00 pm,David Olsen,,None,TF
14180,ARTS 324 - 01,The Gap Between 2D and 3D,ARS,01:30 pm - 04:00 pm,Andrew Mowbray,,None,MR
10776,ASTR 100 - 01,Life in the Universe,NPS,11:10 am - 12:20 pm,Wesley Watters,,None,MR
13656,ASTR 100 - 02,Life in the Universe,NPS,01:30 pm - 02:40 pm,Wesley Watters,,None,MR
10003,ASTR 101 - 01,"Intro to Stars,Galaxies,Cosmol","MM, NPS",11:10 am - 12:20 pm,Richard French,,None,TF
12207,ASTR 102 - 01,LAB: Intro to Astronomy,None,07:30 pm - 09:30 pm,Stephen Slivan,,None,T
12232,ASTR 102 - 02,LAB: Intro to Astronomy,None,09:30 pm - 11:30 pm,Stephen Slivan,,None,T
12233,ASTR 102 - 03,LAB: Intro to Astronomy,None,07:30 pm - 09:30 pm,Stephen Slivan,,None,W
12234,ASTR 102 - 04,LAB: Intro to Astronomy,None,09:30 pm - 11:30 pm,Stephen Slivan,,None,W
12235,ASTR 102 - 05,LAB: Intro to Astronomy,None,07:30 pm - 09:30 pm,Stephen Slivan,,None,R
14144,ASTR 120 - 01,Planetary Habitability w/Lab,"MM, NPS",01:30 pm - 04:00 pm,Kim McLeod,; Daniel Brabander,None,MR
13131,ASTR 206 - 01,Astronomical Techniq I w/Lab,"MM, QRF, NPS",01:30 pm - 02:40 pm,Kim McLeod,,None,TF
13657,ASTR 301 - 01,Sem:Tpc: Stellar Evolution,NPS,None,None,,None,None
13983,ASTR 311 - 01,Advanced Astrophysics,"MM, NPS",09:50 am - 11:00 am,Richard French,,None,MR
12268,BIOC 219 - 01,Genetics w/Lab,NPS,11:10 am - 12:20 pm,Andrew Webb,; Andrea Sequeira,None,TF
12269,BIOC 219 - L01,LAB: Genetics,NPS,01:30 pm - 05:00 pm,Melissa Beers,,None,M
12270,BIOC 219 - L02,LAB: Genetics,NPS,12:30 pm - 04:00 pm,Leah Okumura,,None,T
12271,BIOC 219 - L03,LAB: Genetics,NPS,02:15 pm - 05:45 pm,Leah Okumura,,None,W
12272,BIOC 219 - L04,LAB: Genetics,NPS,01:00 pm - 04:30 pm,Melissa Beers,,None,R
12273,BIOC 219 - L05,LAB: Genetics,NPS,01:00 pm - 04:30 pm,Andrea Sequeira,,None,F
12227,BIOC 320 - 01,Adv Biophysical Chemistry Lab,NPS,11:10 am - 12:20 pm,Elizabeth Oakes,,None,R
13299,BIOC 320 - L01,LAB: Adv Biophysical Chemistry,NPS,01:30 pm - 05:00 pm,Elizabeth Oakes,,None,M
13300,BIOC 320 - L02,LAB: Adv Biophysical Chemistry,NPS,12:30 pm - 04:00 pm,Elizabeth Oakes,,None,T
13134,BIOC 323 - 01,Advanced Biochemistry,NPS,08:30 am - 09:40 am,Megan Nunez,,None,TWF
13769,BISC 101 - 01,FYS: Sci of Female/Male Diff,NPS,09:50 am - 11:00 am,Martina Koniger,; Paul Reisberg,None,MR
11343,BISC 105 - 01,Stem Cells:New in Biomed,NPS,09:50 am - 11:00 am,Kimberly O'Donnell,,None,TF
10244,BISC 109 - 01,Human Biology w/Lab,"NPS, QRF",09:50 am - 11:00 am,David Ellerby,; Christa Skow,None,MR
10219,BISC 109 - L01,LAB: Human Biology,"NPS, QRF",01:30 pm - 05:00 pm,Christa Skow,,None,M
10259,BISC 109 - L02,LAB: Human Biology,"NPS, QRF",12:30 pm - 04:00 pm,Tess Killpack,,None,T
10238,BISC 109 - L03,LAB: Human Biology,"NPS, QRF",02:15 pm - 05:45 pm,Christa Skow,,None,W
10248,BISC 109 - L04,LAB: Human Biology,"NPS, QRF",01:00 pm - 04:30 pm,Tess Killpack,,None,R
10521,BISC 110 - 01,Intro Cellular Biology w/Lab,NPS,09:50 am - 11:00 am,Adam Matthews,,None,MR
10524,BISC 110 - 02,Intro Cellular Biology w/Lab,NPS,09:50 am - 11:00 am,None,,None,TF
10522,BISC 110 - L01,LAB: BISC 110 & 112,NPS,01:30 pm - 05:00 pm,Julie Roden,,None,M
10523,BISC 110 - L02,LAB: BISC 110 & 112,NPS,06:00 pm - 09:30 pm,Martina Koniger,,None,M
10525,BISC 110 - L03,LAB: BISC 110 & 112,NPS,12:30 pm - 04:00 pm,Julie Roden,,None,T
11391,BISC 110 - L05,LAB: BISC 110 & 112,NPS,06:00 pm - 09:30 pm,None,,None,R
13959,BISC 110 - L06,LAB: BISC 110 & 112,NPS,01:00 pm - 04:30 pm,Adam Matthews,,None,F
10207,BISC 111 - 01,Intro Organismal Biology w/Lab,"NPS, QRF",09:50 am - 11:00 am,Heather Mattila,,None,MR
10261,BISC 111 - 02,Intro Organismal Biology w/Lab,"NPS, QRF",08:30 am - 09:40 am,Jeffrey Hughes,,None,TF
10225,BISC 111 - L01,LAB: BISC 111 & 113,"NPS, QRF",01:30 pm - 05:00 pm,Janet McDonough,,None,M
10253,BISC 111 - L02,LAB: BISC 111 & 113,"NPS, QRF",12:30 pm - 04:00 pm,Janet McDonough,,None,T
10224,BISC 111 - L03,LAB: BISC 111 & 113,"NPS, QRF",06:00 pm - 09:30 pm,Jeffrey Hughes,,None,T
10263,BISC 111 - L04,LAB: BISC 111 & 113,"NPS, QRF",02:15 pm - 05:45 pm,Tess Killpack,,None,W
12328,BISC 111 - L06,LAB: BISC 111 & 113,"NPS, QRF",01:00 pm - 04:30 pm,Tess Killpack,,None,F
11628,BISC 112 - 01,Expl Cellular Bio w/Lab,NPS,11:10 am - 12:20 pm,Yuichiro Suzuki,,None,M
11629,BISC 112 - 02,FYS: Expl Cellul Bio w/Lab,NPS,11:10 am - 12:20 pm,Yuichiro Suzuki,,None,R
11684,BISC 112 - L01,LAB: BISC 110 & 112,NPS,01:30 pm - 05:00 pm,Julie Roden,,None,M
11685,BISC 112 - L02,LAB: BISC 110 & 112,NPS,06:00 pm - 09:30 pm,Martina Koniger,,None,M
11686,BISC 112 - L03,LAB: BISC 110 & 112,NPS,12:30 pm - 04:00 pm,Julie Roden,,None,T
11687,BISC 112 - L04,FYS LAB: BISC 112,NPS,01:00 pm - 04:30 pm,Leah Okumura,,None,R
11688,BISC 112 - L05,LAB: BISC 110 & 112,NPS,06:00 pm - 09:30 pm,None,,None,R
11841,BISC 112 - L06,LAB: BISC 110 & 112,NPS,01:00 pm - 04:30 pm,Adam Matthews,,None,F
11630,BISC 113 - 01,FYS: Expl Organismal Bio w/Lab,"NPS, QRF",11:10 am - 12:20 pm,Heather Mattila,,None,M
11631,BISC 113 - 02,Expl Organismal Bio w/Lab,"NPS, QRF",11:10 am - 12:20 pm,Heather Mattila,,None,R
11689,BISC 113 - L01,LAB: BISC 111 & 113,"NPS, QRF",01:30 pm - 05:00 pm,Janet McDonough,,None,M
11690,BISC 113 - L02,LAB: BISC 111 & 113,"NPS, QRF",12:30 pm - 04:00 pm,Janet McDonough,,None,T
11691,BISC 113 - L03,LAB: BISC 111 & 113,"NPS, QRF",06:00 pm - 09:30 pm,Jeffrey Hughes,,None,T
11692,BISC 113 - L04,LAB: BISC 111 & 113,"NPS, QRF",02:15 pm - 05:45 pm,Tess Killpack,,None,W
11693,BISC 113 - L05,FYS: LAB: BISC 113,"NPS, QRF",01:00 pm - 04:30 pm,Jocelyne Dolce,,None,R
11838,BISC 113 - L06,LAB: BISC 111 & 113,"NPS, QRF",01:00 pm - 04:30 pm,Tess Killpack,,None,F
14165,BISC 116 - 01,Intro Integ Chem Bio w/Lab,", NPS",11:10 am - 12:20 pm; 01:30 pm - 03:00 pm,John Goss,,None,TF; F
14167,BISC 116 - L01,LAB: Intro Integ Chem Bio,", NPS",08:30 am - 12:00 pm,Melissa Beers,,None,W
14168,BISC 116 - L02,LAB: Intro Integ Chem Bio,", NPS",02:15 pm - 05:45 pm,Melissa Beers,,None,W
10227,BISC 201 - 01,Ecology w/Lab,"NPS, QRF",08:30 am - 09:40 am,Nicholas Rodenhouse,,None,MR
10257,BISC 201 - L01,LAB: Ecology,"NPS, QRF",01:30 pm - 05:00 pm,Marcia Thomas,,None,M
10250,BISC 203 - 01,Comp Phys/Anat Verte w/Lab,NPS,11:10 am - 12:20 pm,John Cameron,; Emily Buchholtz,None,MR
10233,BISC 203 - L01,LAB: Comp Phys/Anat Verte,NPS,01:30 pm - 05:00 pm,Jocelyne Dolce,,None,M
10221,BISC 203 - L02,LAB: Comp Phys/Anat Verte,NPS,12:30 pm - 04:00 pm,Emily Buchholtz,,None,T
11429,BISC 203 - L03,LAB: Comp Phys/Anat Verte,NPS,02:15 pm - 05:45 pm,Jocelyne Dolce,,None,W
12628,BISC 209 - 01,Microbiology w/Lab,NPS,09:50 am - 11:00 am,None,,None,TF
12629,BISC 209 - L01,LAB: Microbiology,NPS,02:15 pm - 05:45 pm,Janet McDonough,,None,W
12630,BISC 209 - L02,LAB: Microbiology,NPS,01:00 pm - 04:30 pm,Julie Roden,,None,R
10222,BISC 210 - 01,Marine Biology w/Lab,NPS,11:10 am - 12:20 pm,Jeffrey Hughes,,None,TF
10231,BISC 210 - L01,LAB: Marine Biology,NPS,01:00 pm - 04:30 pm,Jeffrey Hughes,,None,R
10211,BISC 219 - 01,Genetics w/Lab,NPS,11:10 am - 12:20 pm,Andrew Webb,; Andrea Sequeira,None,TF
10251,BISC 219 - L01,LAB: Genetics,NPS,01:30 pm - 05:00 pm,Melissa Beers,,None,M
10228,BISC 219 - L02,LAB: Genetics,NPS,12:30 pm - 04:00 pm,Leah Okumura,,None,T
10245,BISC 219 - L03,LAB: Genetics,NPS,02:15 pm - 05:45 pm,Leah Okumura,,None,W
10217,BISC 219 - L04,LAB: Genetics,NPS,01:00 pm - 04:30 pm,Melissa Beers,,None,R
10242,BISC 219 - L05,LAB: Genetics,NPS,01:00 pm - 04:30 pm,Andrea Sequeira,,None,F
13984,BISC 307 - 01,Tpc: Ecosystem Ecology w/Lab,NPS,09:50 am - 11:00 am,Jaclyn Matthes,,None,TF
13988,BISC 307 - L01,LAB: Adv Topics Ecology,NPS,01:00 pm - 04:30 pm,Jaclyn Matthes,,None,F
12063,BISC 311 - 01,Evol. Devel Bio w/lab,NPS,09:50 am - 11:00 am,Yuichiro Suzuki,,None,TF
12064,BISC 311 - L01,LAB:Evol Devel Biology,NPS,01:00 pm - 04:30 pm,Yuichiro Suzuki,,None,R
14222,BISC 315 - 01,Neuroendocrinology w/Lab,"EC, NPS",09:50 am - 11:00 am,Marc Tetel,,None,TF
14223,BISC 315 - L01,LAB: Neuroendocrinology,"EC, NPS",12:30 pm - 04:00 pm,Marc Tetel,,None,T
13331,BISC 316 - 01,Molecular Genetics w/Lab,NPS,11:10 am - 12:20 pm,T. Kaye Peterman,,None,TF
13332,BISC 316 - L01,LAB: Molecular Genetics,NPS,12:30 pm - 04:00 pm,T. Kaye Peterman,,None,T
11274,BISC 334 - 01,Sem: The Biology of Stem Cells,NPS,09:50 am - 12:20 pm,Kimberly O'Donnell,,None,W
12635,BISC 336 - 01,Sem: Immunology,NPS,09:50 am - 12:20 pm,Adam Matthews,,None,W
12636,BISC 338 - 01,Sem: Biology of Social Insects,NPS,02:15 pm - 04:45 pm,Heather Mattila,,None,W
12798,BISC 340 - 01,CSPW: Biology in the News,NPS,01:30 pm - 04:00 pm,Martina Koniger,,None,F
14078,BISC 348 - 01,Sem: Muscle and Movement,NPS,01:30 pm - 04:00 pm,David Ellerby,,None,M
11578,CAMS 101 - 01,Intro-Cinema&MediaStudies,ARS,11:10 am - 12:20 pm; 07:00 pm - 09:30 pm,Winifred Wood,,None,MR; T
13306,CAMS 105 - 01,FYS: 21st Century Cinema,ARS,02:50 pm - 04:00 pm; 07:00 pm - 09:30 pm,Maurizio Viano,,None,MR; R
11411,CAMS 135 - 01,Intro Film & Video Production,ARS,09:50 am - 12:20 pm,Sarah Peck,,None,TF
11412,CAMS 138 - 01,Photography I,ARS,01:30 pm - 04:00 pm,David Kelley,,None,MR
12642,CAMS 202 - 01,Between Magic and Reality,ARS,07:00 pm - 09:30 pm; 03:35 pm - 06:05 pm,Maurizio Viano,,None,M; W
14146,CAMS 203 - 01,Chinese Cinema (in Eng),"ARS, LL",04:10 pm - 05:20 pm; 06:30 pm - 09:30 pm,Mingwei Song,,None,M; W
13986,CAMS 222 - 01,Documentary Film and Media,ARS,11:10 am - 01:20 pm; 11:10 am - 12:20 pm,Winifred Wood,,None,T; F
12644,CAMS 234 - 01,The Art of Screenwriting,"ARS, LL",09:50 am - 12:20 pm,Margaret Cezair-Thompson,,None,W
13644,CAMS 235 - 01,Intermed Video Production,ARS,01:30 pm - 05:20 pm,Salem Mekuria,,None,M
13655,CAMS 238 - 01,Interm Digital Photography,ARS,09:50 am - 12:20 pm,David Kelley,,None,MR
13643,CAMS 255 - 01,Dynamic Interface Design,ARS,09:50 am - 12:20 pm,David Olsen,,None,TF
14177,CAMS 300 - 01,Listening to Film,ARS,09:50 am - 11:00 am,Martin Brody,,None,TF
13816,CHEM 101 - 01,FYS: Sci of Female/Male Diff,NPS,09:50 am - 11:00 am,Martina Koniger,; Paul Reisberg,None,MR
11003,CHEM 105 - 01,Fundamentals Chemistry w/Lab,"MM, NPS",08:30 am - 09:40 am,Carla Verschoor,,None,TWF
11004,CHEM 105 - 02,Fundamentals Chemistry w/Lab,"MM, NPS",09:50 am - 11:00 am,Carla Verschoor,,None,TWF
11005,CHEM 105 - 03,Fundamentals Chemistry w/Lab,"MM, NPS",11:10 am - 12:20 pm,Peter Sandusky,,None,TWF
11006,CHEM 105 - L01,LAB:Fundamentals Chemistry,"MM, NPS",01:30 pm - 05:00 pm,Nancy Mukundan,,None,M
11007,CHEM 105 - L02,LAB:Fundamentals Chemistry,"MM, NPS",01:30 pm - 05:00 pm,Peter Sandusky,,None,M
11008,CHEM 105 - L03,LAB: Fundamentals Chemistry,"MM, NPS",12:30 pm - 04:00 pm,Nancy Mukundan,,None,T
11009,CHEM 105 - L04,LAB:Fundamentals Chemistry,"MM, NPS",02:15 pm - 05:45 pm,Nicholas Doe,,None,W
11010,CHEM 105 - L05,LAB:Fundamentals Chemistry,"MM, NPS",01:30 pm - 05:00 pm,Peter Sandusky,,None,R
11268,CHEM 105 - L06,LAB: Fundamentals Chemistry,"MM, NPS",12:30 pm - 04:00 pm,Nicholas Doe,,None,F
11980,CHEM 105P - 01,Fundamentals of Chem w/Lab,"MM, NPS",11:10 am - 12:20 pm,Julia Miwa,,None,MTWRF
12005,CHEM 105P - L01,LAB: Fundamentals of Chem,"MM, NPS",01:30 pm - 05:00 pm,Amanda McCarthy,,None,R
14169,CHEM 116 - 01,Intro Integ Chem Bio w/Lab,", NPS",09:50 am - 11:00 am,Mala Radhakrishnan,,None,TF
10063,CHEM 120 - 01,Intensive Intro Chem w/Lab,"MM, QRF, NPS",08:30 am - 09:40 am,Christopher Arumainayagam,,None,MTWF
10011,CHEM 120 - L01,LAB: Intensive Intro Chem,"MM, QRF, NPS",02:15 pm - 05:45 pm,Paul Reisberg,,None,W
10108,CHEM 120 - L02,LAB: Intensive Intro Chem,"MM, QRF, NPS",01:30 pm - 05:00 pm,Paul Reisberg,,None,R
11126,CHEM 205 - 01,Chemical Analy & Equilib w/Lab,"MM, QRF, NPS",08:30 am - 09:40 am,Rachel Stanley,,None,MWR
11258,CHEM 205 - 02,Chemical Analy & Equilib w/Lab,"MM, QRF, NPS",09:50 am - 11:00 am,Rachel Stanley,,None,MWR
11127,CHEM 205 - L01,LAB:Chemical Analy & Equilib,"MM, QRF, NPS",01:30 pm - 05:00 pm,Amanda McCarthy,,None,M
11128,CHEM 205 - L02,LAB: Chemical Analy & Equilib,"MM, QRF, NPS",12:30 pm - 04:00 pm,Amanda McCarthy,,None,T
11259,CHEM 205 - L03,LAB:Chemical Analy & Equilib,"MM, QRF, NPS",02:15 pm - 05:45 pm,Nancy Mukundan,,None,W
10087,CHEM 211 - 01,Organic Chemistry I w/Lab,NPS,08:30 am - 09:40 am,Michael Hearn,,None,MWR
10114,CHEM 211 - 02,Organic Chemistry I w/Lab,NPS,09:50 am - 11:00 am,None,,None,MWR
11316,CHEM 211 - 03,Organic Chemistry I w/Lab,NPS,11:10 am - 12:20 pm,Dora Carrico-Moniz,,None,MWR
10025,CHEM 211 - L01,LAB: Organic Chemistry I,NPS,01:30 pm - 05:00 pm,Donna Trainor,,None,M
10050,CHEM 211 - L02,LAB: Organic Chemistry I,NPS,12:30 pm - 04:00 pm,Donna Trainor,,None,T
10106,CHEM 211 - L03,LAB: Organic Chemistry I,NPS,01:30 pm - 05:00 pm,None,,None,R
10053,CHEM 211 - L04,LAB: Organic Chemistry I,NPS,02:15 pm - 05:45 pm,None,,None,W
10049,CHEM 211 - L05,LAB: Organic Chemistry I,NPS,01:30 pm - 05:00 pm,Geraldine Echebiri,,None,R
10415,CHEM 211 - L06,LAB: Organic Chemistry I,NPS,12:30 pm - 04:00 pm,None,,None,F
13844,CHEM 211 - L07,LAB: Organic Chemistry I,NPS,12:30 pm - 04:00 pm,Donna Trainor,,None,F
11129,CHEM 212 - 01,Organic Chemistry II w/Lab,NPS,09:50 am - 11:00 am,Dora Carrico-Moniz,,None,MWR
12759,CHEM 212 - 02,Organic Chemistry II w/Lab,NPS,11:10 am - 12:20 pm,Michael Hearn,,None,MWR
11131,CHEM 212 - L01,LAB: Organic Chemistry II,NPS,01:30 pm - 05:00 pm,Adrian Huang,,None,M
11132,CHEM 212 - L02,LAB: Organic Chemistry II,NPS,02:15 pm - 05:45 pm,Adrian Huang,,None,W
12760,CHEM 212 - L03,LAB: Organic Chemistry II,NPS,12:30 pm - 04:00 pm,Nicholas Doe,,None,T
12761,CHEM 212 - L04,LAB: Organic Chemistry II,NPS,12:30 pm - 04:00 pm,Adrian Huang,,None,F
11133,CHEM 222 - 01,Intro to Biochemistry w/Lab,NPS,11:10 am - 12:20 pm,Megan Nunez,,None,TWF
11134,CHEM 222 - L01,LAB:Intro to Biochemistry,NPS,01:30 pm - 05:00 pm,Mona Hall,,None,R
12068,CHEM 222 - L02,LAB:Intro to Biochemistry,NPS,12:30 pm - 04:00 pm,Mona Hall,,None,F
13987,CHEM 222 - L03,LAB: Intro to Biochemistry,NPS,02:15 pm - 05:45 pm,Elizabeth Oakes,,None,W
12067,CHEM 306 - 01,Sem:Tpc:CSPW: Adv in Chem Bio,NPS,01:30 pm - 04:00 pm,Donald Elmore,,None,R
12228,CHEM 320 - 01,Adv Biophysical Chemistry Lab,NPS,11:10 am - 12:20 pm,Elizabeth Oakes,,None,R
13297,CHEM 320 - L01,LAB: Adv Biophysical Chemistry,NPS,01:30 pm - 05:00 pm,Elizabeth Oakes,,None,M
13298,CHEM 320 - L02,LAB: Adv Biophysical Chemistry,NPS,12:30 pm - 04:00 pm,Elizabeth Oakes,,None,T
13139,CHEM 323 - 01,Advanced Biochemistry,NPS,08:30 am - 09:40 am,Megan Nunez,,None,TWF
12222,CHEM 330 - 01,Physical Chemistry I with Lab,"MM, QRF, NPS",09:50 am - 11:00 am,Christopher Arumainayagam,,None,TWF
12241,CHEM 330 - L01,LAB: Physical Chemistry I,"MM, QRF, NPS",12:30 pm - 04:00 pm,Geraldine Echebiri,,None,T
12242,CHEM 330 - L02,LAB: Physical Chemistry I,"MM, QRF, NPS",02:15 pm - 05:45 pm,Geraldine Echebiri,,None,W
12290,CHEM 330 - L03,LAB: Physical Chemistry I,"MM, QRF, NPS",12:30 pm - 04:00 pm,Geraldine Echebiri,,None,F
13850,CHEM 330X - 01,Physical Chemistry,NPS,09:50 am - 11:00 am,Christopher Arumainayagam,,None,TWF
10611,CHEM 361 - 01,Analytical Chemistry w/Lab,"NPS, QRF",01:30 pm - 04:30 pm,Nolan Flynn,,None,MR
13761,CHEM 361 - 02,Analytical Chemistry w/Lab,"NPS, QRF",01:00 pm - 04:00 pm,Nolan Flynn,,None,TF
10512,CHIN 101 - 01,Beginning Chinese I,None,08:30 am - 09:40 am,Qiuyan Tang,,None,MTRF
10513,CHIN 101 - 02,Beginning Chinese I,None,09:50 am - 11:00 am,Qiuyan Tang,,None,MTRF
11406,CHIN 103 - 01,Advanced Beginning Chinese I,None,09:50 am - 11:00 am,Weina Zhao,,None,MWR
11622,CHIN 103 - 02,Advanced Beginning Chinese I,None,11:10 am - 12:20 pm,Weina Zhao,,None,MWR
10514,CHIN 201 - 01,Intermediate Chinese I,None,11:10 am - 12:20 pm,Dai Chen,,None,MTRF
10515,CHIN 201 - 02,Intermediate Chinese I,None,01:30 pm - 02:40 pm,Dai Chen,,None,MTRF
10520,CHIN 203 - 01,Advanced Intermediate Chinese,None,08:30 am - 09:40 am,Yuan-Chu Lam,,None,TWF
14179,CHIN 220 - 01,The Fall of the Ming (Eng),"HS, LL",02:50 pm - 04:00 pm,Ellen Widmer,,None,MR
13989,CHIN 243 - 01,Chinese Cinema (in Eng),"ARS, LL",04:10 pm - 05:20 pm; 06:30 pm - 09:30 pm,Mingwei Song,,None,M; W
13618,CHIN 244 - 01,Classical Chinese Theater(Eng),"ARS, LL",02:15 pm - 04:45 pm,Ellen Widmer,,None,W
10154,CHIN 301 - 01,Advanced Chinese I,LL,09:50 am - 11:00 am,Yuan-Chu Lam,,None,TWF
10527,CHIN 306 - 01,Adv Reading 20th C Culture,LL,01:30 pm - 02:40 pm,Mingwei Song,,None,MR
13660,CHIN 344 - 01,Classical Chinese Theater(Eng),"ARS, LL",02:15 pm - 04:45 pm,Ellen Widmer,,None,W
13145,CLCV 104 - 01,Classical Mythology,"LL, REP",11:10 am - 12:20 pm,Bryan Burns,,None,TF
13640,CLCV 209 - 01,Intro to Cognitive Poetics,"EC, LL",09:50 am - 11:00 am,Elizabeth Young,,None,MR
13992,CLCV 214 - 01,Bronze Age Aegean Archaeology,"HS, SBA",02:50 pm - 04:00 pm,Bryan Burns,,None,TF
13990,CLCV 230 - 01,War: from Troy to Baghdad,"HS, LL",06:00 pm - 08:30 pm,Guy Rogers,,None,R
14147,CLCV 330 - 01,War: from Troy to Baghdad,"HS, LL",06:00 pm - 08:30 pm,Guy Rogers,,None,R
12857,CLSC 214 - 01,Evolution and Behavior,"EC, SBA",08:30 am - 09:40 am,Margery Lucas,,None,TF
13991,CLSC 300 - 01,Sem:Tpc: How We Choose,None,09:50 am - 12:20 pm,Margery Lucas,,None,W
13149,CPLT 113 - 01,Tpc:Writers Color Across Globe,LL,11:00 am - 12:20 pm,Yu Jin Ko,,None,MR
14150,CPLT 180 - 01,World Literature,LL,11:10 am - 12:20 pm,Marilyn Sides,,None,MR
13826,CPLT 209 - 01,Intro to Cognitive Poetics,"EC, LL",09:50 am - 11:00 am,Elizabeth Young,,None,MR
14210,CPLT 220 - 01,Intro Comparative Literature,LL,11:10 am - 12:20 pm,None,,None,TF
13772,CPLT 236 - 01,The Girl in East Asia,"ARS, LL",01:30 pm - 02:40 pm,Eve Zimmerman,,None,TF
14152,CPLT 275 - 01,Translation,LL,02:50 pm - 04:00 pm,Lawrence Rosenwald,,None,MR
14153,CPLT 375 - 01,Translation,LL,02:50 pm - 04:00 pm,Lawrence Rosenwald,,None,MR
10006,CS 111 - 01,Comp Program & Prob Solv w/Lab,MM,08:30 am - 09:40 am,Eniana Mustafaraj,,None,MR
10042,CS 111 - 02,Comp Program & Prob Solv w/Lab,MM,09:50 am - 11:00 am,Eniana Mustafaraj,,None,MR
12882,CS 111 - 03,Comp Program & Prob Solv w/Lab,MM,11:10 am - 12:20 pm,Franklyn Turbak,,None,MR
14183,CS 111 - 04,Comp Program & Prob Solv w/Lab,MM,01:30 pm - 02:40 pm,Sravana Reddy,,None,MR
10508,CS 111 - L01,LAB:Comp Program & Prob Solv,MM,08:30 am - 10:20 am,Sohie Lee,,None,T
10509,CS 111 - L02,LAB:Comp Program & Prob Solv,MM,10:30 am - 12:20 pm,Sohie Lee,,None,T
10510,CS 111 - L03,LAB:Comp Program & Prob Solv,MM,10:30 am - 12:20 pm,Susan Buck,,None,T
12086,CS 111 - L04,LAB:Comp Program & Prob Solv,MM,01:30 pm - 03:20 pm,Sohie Lee,,None,T
12772,CS 111 - L05,LAB:Comp Program & Prob Solv,MM,01:30 pm - 03:20 pm,Susan Buck,,None,T
13303,CS 111 - L06,LAB:Comp Program & Prob Solv,MM,10:30 am - 12:20 pm,Susan Buck,,None,W
13817,CS 111 - L07,LAB:Comp Program & Prob Solv,MM,02:15 pm - 04:05 pm,Susan Buck,,None,W
14175,CS 115 - 01,Computing for Socio-Techno Web,MM,09:50 am - 11:00 am,Panagiotis Metaxas,,None,TF
14181,CS 115 - 02,Computing for Socio-Techno Web,MM,11:10 am - 12:20 pm,Panagiotis Metaxas,,None,TF
14197,CS 115 - D01,DSC: Comp for Socio-Techno Web,MM,08:30 am - 09:40 am,Stella Kakavouli,,None,R
14198,CS 115 - D02,DSC: Comp for Socio-Techno Web,MM,09:50 am - 11:00 am,Stella Kakavouli,,None,R
14199,CS 115 - D03,DSC: Comp for Socio-Techno Web,MM,11:10 am - 12:20 pm,Stella Kakavouli,,None,R
14200,CS 115 - D04,DSC: Comp for Socio-Techno Web,MM,01:30 pm - 02:40 pm,Stella Kakavouli,,None,R
14184,CS 220 - 01,Human-Computer Interaction,MM,09:50 am - 11:00 am,Orit Shaer,,None,MR
10062,CS 230 - 01,Data Structures w/Lab,MM,09:50 am - 11:00 am,Christine Bassem,,None,TF
12877,CS 230 - 02,Data Structures w/Lab,MM,11:10 am - 12:20 pm,Christine Bassem,,None,TF
14189,CS 230 - 03,Data Structures w/Lab,MM,01:30 pm - 02:40 pm,None,,None,TF
10788,CS 230 - L01,LAB: Data Structures,MM,08:30 am - 10:20 am,Sohie Lee,,None,W
10789,CS 230 - L02,LAB: Data Structures,MM,08:30 am - 10:20 am,Stella Kakavouli,,None,W
12299,CS 230 - L03,LAB: Data Structures,MM,10:30 am - 12:20 pm,Sohie Lee,,None,W
13304,CS 230 - L04,LAB: Data Structures,MM,10:30 am - 12:20 pm,Stella Kakavouli,,None,W
14190,CS 230 - L05,LAB: Data Structures,MM,02:15 pm - 04:05 pm,Sohie Lee,,None,W
13153,CS 231 - 01,Fundamental Algorithms,MM,01:30 pm - 02:40 pm,Randy Shull,,None,MR
14185,CS 231 - 02,Fundamental Algorithms,MM,02:50 pm - 04:00 pm,Anna Loparev,,None,MR
10859,CS 235 - 01,Languages & Automata,MM,11:10 am - 12:20 pm,Brian Tjaden,,None,MR
13275,CS 240 - 01,IntroMachineOrganization w/Lab,MM,09:50 am - 11:00 am,Benjamin Wood,,None,MR
14191,CS 240 - 02,IntroMachineOrganization w/Lab,MM,11:10 am - 12:20 pm,Benjamin Wood,,None,MR
10026,CS 240 - L01,LAB: Intro MachineOrganization,MM,08:30 am - 11:30 am,Jean Herbst,,None,T
10878,CS 240 - L02,LAB: Intro MachineOrganization,MM,01:30 pm - 04:30 pm,Jean Herbst,,None,T
14192,CS 240 - L03,LAB: Intro MachineOrganization,MM,02:15 pm - 05:15 pm,Jean Herbst,,None,W
14193,CS 240 - L04,LAB: Intro MachineOrganization,MM,05:30 pm - 08:30 pm,Jean Herbst,,None,W
14186,CS 249 - 01,Topics in Computer Science,MM,02:50 pm - 04:00 pm,None,,None,MR
13625,CS 251 - 01,Theory Programming Languages,MM,11:10 am - 12:20 pm,Franklyn Turbak,,None,TWF
14187,CS 304 - 01,Databases with Web Interfaces,MM,09:50 am - 11:00 am,Scott Anderson,,None,TF
12670,CS 307 - 01,Intro Computer Graphics,MM,01:30 pm - 02:40 pm,Scott Anderson,,None,TF
14188,CS 310 - 01,Theoretical Foundtn Cryptology,MM,08:30 am - 09:40 am,Randy Shull,,None,MR
12671,CS 320 - 01,Tangible User Interfaces,MM,01:30 pm - 02:40 pm,Orit Shaer,,None,MR
13340,CS 322 - 01,Sem: Digital Tech & Learning,EC,09:50 am - 12:20 pm,Robbin Chapman,,None,T
14194,CS 332 - 01,Visl Proc Comp & Bio Vsn Syst,MM,08:30 am - 09:40 am,Ellen Hildreth,,None,TWF
13773,EALC 236 - 01,The Girl in East Asia,"ARS, LL",01:30 pm - 02:40 pm,Eve Zimmerman,,None,TF
10012,ECON 101 - 01,Principles of Microeconomics,SBA,08:30 am - 09:40 am; 08:30 am - 09:40 am,Daniel Fetter,,None,MR; W1
10088,ECON 101 - 02,Principles of Microeconomics,SBA,09:50 am - 11:00 am; 09:50 am - 11:00 am,Courtney Coile,,None,MR; W1
13430,ECON 101 - 03,Principles of Microeconomics,SBA,02:50 pm - 04:00 pm; 03:35 pm - 04:45 pm,Gauri Shastry,,None,MR; W1
10947,ECON 101 - 04,Principles of Microeconomics,SBA,08:30 am - 09:40 am; 08:30 am - 09:40 am,Patrick McEwan,,None,TF; W2
13431,ECON 101 - 05,Principles of Microeconomics,SBA,09:50 am - 11:00 am; 09:50 am - 11:00 am,Patrick McEwan,,None,TF; W2
10083,ECON 102 - 01,Principles of Macroeconomics,SBA,01:30 pm - 02:40 pm; 02:15 pm - 03:25 pm,Olga Shurchkov,,None,MR; W
10033,ECON 102 - 02,Principles of Macroeconomics,SBA,01:30 pm - 02:40 pm; 02:15 pm - 03:25 pm,None,,None,TF; W2
12186,ECON 103 - 01,Intro Prob&Statistical Methods,"QRF, SBA",02:50 pm - 04:00 pm; 03:35 pm - 04:45 pm,Phillip Levine,,None,MR; W1
11312,ECON 103 - 02,Intro Prob&Statistical Methods,"QRF, SBA",08:30 am - 09:40 am; 08:30 am - 09:40 am,Joseph Swingle,,None,TF; W2
11138,ECON 103 - 1LA,LAB: Prob&Statistical Methods,"QRF, SBA",09:50 am - 11:00 am,Phillip Levine,,None,T
11139,ECON 103 - 1LB,LAB: Prob&Statistical Methods,"QRF, SBA",11:10 am - 12:20 pm,Phillip Levine,,None,T
11140,ECON 103 - 2LA,LAB: Prob&Statistical Methods,"QRF, SBA",09:50 am - 11:00 am,Joseph Swingle,,None,W
11141,ECON 103 - 2LB,LAB: Prob&Statistical Methods,"QRF, SBA",11:10 am - 12:20 pm,Joseph Swingle,,None,W
11165,ECON 201 - 01,Intermediate Micro Analysis,SBA,11:10 am - 12:20 pm,Susan Skeath van Mulbregt,,None,MWR
10103,ECON 201 - 02,Intermediate Micro Analysis,SBA,09:50 am - 11:00 am,Casey Rothschild,,None,TWF
12763,ECON 201 - 03,Intermediate Micro Analysis,SBA,11:10 am - 12:20 pm,Casey Rothschild,,None,TWF
10046,ECON 202 - 01,Intermediate Macro Analysis,SBA,02:50 pm - 04:00 pm; 03:35 pm - 04:45 pm,Seth Neumuller,,None,MR; W
10111,ECON 202 - 02,Intermediate Macro Analysis,SBA,08:30 am - 09:40 am; 08:30 am - 09:40 am,Joseph Joyce,,None,TF; W2
11144,ECON 203 - 01,Econometrics,SBA,08:30 am - 09:40 am,Kyung-Hong Park,,None,MWR
11262,ECON 203 - 02,Econometrics,SBA,09:50 am - 11:00 am,Kyung-Hong Park,,None,MWR
12183,ECON 214 - 01,Trade Policy,SBA,11:10 am - 12:20 pm,None,,None,TF
13630,ECON 222 - 01,Games of Strategy,SBA,02:50 pm - 04:00 pm; 03:35 pm - 04:45 pm,Susan Skeath van Mulbregt,,None,MR; W
13993,ECON 232 - 01,Health Economics,SBA,01:30 pm - 02:40 pm,Courtney Coile,,None,MR
13994,ECON 302 - 01,Advanced Macroeconomics,SBA,09:50 am - 11:00 am,Seth Neumuller,,None,MR
13995,ECON 303 - 01,Advanced Econometrics,SBA,11:10 am - 12:20 pm; 11:10 am - 12:20 pm,Daniel Fetter,,None,MR; W1
13810,ECON 306 - 01,Hist Econ Organizations in US,"HS, SBA",01:30 pm - 04:00 pm,Eric Hilt,,None,T
14218,ECON 311 - 01,Economics of Immigration,SBA,01:30 pm - 02:40 pm,Kristin Butcher,,None,TF
13997,ECON 313 - 01,Sem: Internatl Macroeconomics,SBA,11:10 am - 12:20 pm; 11:10 am - 12:20 pm,Joseph Joyce,,None,TF; W2
13855,ECON 318 - 01,Econ Analysis Social Policy,SBA,09:50 am - 11:00 am,Phillip Levine,,None,MR
13576,ECON 320 - 01,Economic Development,SBA,01:30 pm - 02:40 pm; 02:15 pm - 03:25 pm,Gauri Shastry,,None,MR; W1
13998,ECON 324 - 01,Behavioral Economics,SBA,11:10 am - 12:20 pm,Olga Shurchkov,,None,MWR
11368,ECON 380 - 01,Economics Research Seminar,SBA,06:00 pm - 07:30 pm,Eric Hilt,,None,T
11794,EDUC 212 - 01,Sem: History American Educ,HS,01:30 pm - 04:00 pm,Barbara Beatty,,None,T
13662,EDUC 213 - 01,"Sem:Soc,Emo Lrng&Development",SBA,02:15 pm - 04:45 pm,Noah Rubin,,None,W
11397,EDUC 216 - 01,"Education,Society&SocialPolicy",SBA,09:50 am - 12:20 pm,Soo Hong,,None,R
10143,EDUC 300 - 01,Teaching &Curriculum Classroom,EC,02:50 pm - 04:30 pm; 01:30 pm - 04:00 pm,Kenneth Hawes,,None,M; R
11257,EDUC 304 - 01,Curric&Instr Element. Ed w/Lab,EC,01:30 pm - 02:40 pm; 04:10 pm - 06:40 pm,Noah Rubin,,None,T; R
11011,EDUC 310 - 01,Sem: Child Literacy & Reading,EC,09:50 am - 12:20 pm,Diane Tutin,,None,W
11344,EDUC 314 - 01,Learning&Teaching Mathematics,EC,02:50 pm - 04:30 pm; 03:55 pm - 06:25 pm,Jessica Polito,,None,M; W1
13339,EDUC 322 - 01,Sem: Digital Lrng & Teaching,EC,09:50 am - 12:20 pm,Robbin Chapman,,None,T
12155,EDUC 325 - 01,Sem: English as a 2nd Language,EC,09:50 am - 12:20 pm,Diane Tutin,,None,M
13999,EDUC 335 - 01,Sem: Urban Education,SBA,09:50 am - 12:20 pm,Soo Hong,,None,T
13159,ENG 113 - 01,Tpc:Writers Color Across Globe,LL,11:10 am - 12:20 pm,Yu Jin Ko,,None,MR
13160,ENG 115 - 01,Great Works of Poetry,LL,03:35 pm - 06:05 pm,Frank Bidart,,None,W
11999,ENG 120 - 01,Critical Interpretation,LL,11:10 am - 12:20 pm,Kathleen Brogan,,None,TF
12824,ENG 150 - 01,FYS: Creating Memory,LL,01:30 pm - 02:40 pm,Alison Hickey,,None,TF
14080,ENG 180 - 01,World Literature,LL,11:10 am - 12:20 pm,Marilyn Sides,,None,MR
10132,ENG 202 - 01,Poetry,LL,09:50 am - 12:20 pm,Daniel Chiasson,,None,W
10137,ENG 203 - 01,Short Narrative,LL,08:30 am - 09:40 am,Marilyn Sides,,None,MR
11617,ENG 203 - 02,Short Narrative,LL,01:30 pm - 02:40 pm,James Wallenstein,,None,MR
12645,ENG 204 - 01,The Art of Screenwriting,"ARS, LL",09:50 am - 12:20 pm,Margaret Cezair-Thompson,,None,W
14000,ENG 205 - 01,Writing for Children,LL,11:10 am - 12:20 pm,Susan Meyer,,None,MR
14008,ENG 207 - 01,Short-Form Nonfiction,LL,09:50 am - 11:00 am,James Wallenstein,; Robert Goree,None,MR
14001,ENG 223 - 01,Shakes I: Elizabethan Period,"ARS, LL",09:50 am - 11:00 am,William Cain,,None,TF
13161,ENG 227 - 01,Milton,LL,02:50 pm - 04:00 pm,James Noggle,,None,TF
13635,ENG 241 - 01,Romantic Poetry,LL,11:10 am - 12:20 pm,Alison Hickey,,None,TF
14002,ENG 253 - 01,Contemporary American Poetry,LL,04:10 pm - 06:40 pm,Frank Bidart,,None,M
13763,ENG 266 - 01,Tpc: American Novels and Films,None,01:30 pm - 02:40 pm,William Cain,,None,TF
14003,ENG 272 - 01,The 19th Century Novel,LL,09:50 am - 11:00 am,Susan Meyer,,None,MR
14081,ENG 275 - 01,Translation,LL,02:50 pm - 04:00 pm,Lawrence Rosenwald,,None,MR
13248,ENG 286 - 01,The Gay 1990s,LL,01:30 pm - 02:40 pm,Octavio Gonzalez,,None,MR
14082,ENG 296 - 01,Immigration & Diaspora,LL,09:50 am - 11:00 am,Kathleen Brogan,,None,TF
14083,ENG 299 - 01,Horror Films in America,ARS,06:30 pm - 09:30 pm; 02:15 pm - 03:25 pm,Vernon Shetley,,None,M; W
14005,ENG 315 - 01,Tpc: Medieval Romance & Race,LL,02:15 pm - 04:45 pm,Cord Whitaker,,None,W
14006,ENG 320 - 01,Tpc: Literature & Suffering,LL,04:10 pm - 05:20 pm,Luther Tyler,,None,MR
14079,ENG 351 - 01,The Robert Garis Seminar,LL,02:50 pm - 04:00 pm,Sebastian Smee,,None,TF
14151,ENG 375 - 01,Translation,LL,02:50 pm - 04:00 pm,Lawrence Rosenwald,,None,MR
13671,ENG 382 - 01,Literary Theory,"EC, LL",09:50 am - 12:20 pm,James Noggle,,None,W
14007,ENG 387 - 01,Tpc: James Merrill,LL,09:50 am - 11:00 am,Daniel Chiasson,,None,MR
14009,ENG 388 - 01,"Trauma, Conflict, & Narrative","LL, SBA",02:50 pm - 04:00 pm,Catia Confortini,; Margaret Cezair-Thompson,None,TF
13831,ENGR 111 - 01,Product Creation for All,MM,09:50 am - 12:20 pm,Amy Banzaert,,None,WF
13832,ENGR 120 - 01,Making a Diff through Engr,MM,01:30 pm - 04:00 pm,Amy Banzaert,,None,TF
11319,ES 101 - 01,Fundamentals of Envr Sci w/Lab,"NPS, QRF",02:50 pm - 05:20 pm,Alden Griffith,,None,M
11320,ES 101 - L01,LAB:Intro ES:Methods& Analysis,"NPS, QRF",08:30 am - 12:00 pm,Alden Griffith,,None,W
11321,ES 101 - L02,LAB:Intro ES:Methods& Analysis,"NPS, QRF",02:15 pm - 05:45 pm,Alden Griffith,,None,W
12825,ES 103 - 01,FYS: Envir&Society: Food & Ag,None,01:30 pm - 02:40 pm; 01:30 pm - 04:00 pm,None,,None,T; F
14084,ES 104 - 01,FYS: How to Save the Planet,SBA,01:30 pm - 02:40 pm,Elizabeth DeSombre,,None,MR
11284,ES 214 - 01,Soc Cause & Conseq Env Probs,SBA,09:50 am - 11:00 am,Elizabeth DeSombre,,None,MR
13412,ES 229 - 01,Latin America: Food and Enviro,None,02:15 pm - 04:45 pm,Katherine Goodall,,None,W
14158,ES 234 - 01,From Wilderness to Ruins,REP,11:10 am - 12:20 pm,Erich Matthes,,None,MR
13676,ES 399 - 01,CSPW:EnvSynthesis&Communicat'n,None,01:30 pm - 04:00 pm,James Turner,,None,R
10054,FREN 101 - 01,Beginning French I,None,09:50 am - 11:00 am; 11:10 am - 12:20 pm,Sylvaine Egron-Sparrow,,None,MR; W
10116,FREN 101 - 02,Beginning French I,None,01:30 pm - 02:40 pm; 11:10 am - 12:20 pm,Scott Gunther,,None,MR; W
10775,FREN 103 - 01,Intensive French I,None,08:30 am - 09:40 am,Barry Lydgate,,None,MWR
10008,FREN 201 - 01,French Lang Lit & Culture I,None,02:50 pm - 04:00 pm; 02:15 pm - 03:25 pm,Marie-Paule Tranvouez,,None,MR; W
10051,FREN 201 - 02,French Lang Lit & Culture I,None,11:10 am - 12:20 pm,Codruta Morari,,None,TWF
10118,FREN 201 - 03,French Lang Lit & Culture I,None,08:30 am - 09:40 am,Marie-Cecile Ganne-Schiermeier,,None,MWR
13849,FREN 201 - 04,French Lang Lit & Culture I,None,09:50 am - 11:00 am,Marie-Cecile Ganne-Schiermeier,,None,MWR
11167,FREN 205 - 01,Lit & Film in Cultural Context,LL,09:50 am - 11:00 am,Venita Datta,,None,TF
10039,FREN 206 - 01,Intermediate Spoken French,LL,02:50 pm - 04:00 pm,Catherine Masson,,None,TF
13779,FREN 208 - 01,Women and Literary Tradition,LL,01:30 pm - 02:40 pm,Catherine Masson,,None,TF
12697,FREN 209 - 01,Tpc: The Paris of Poets,None,01:30 pm - 02:40 pm,James Petterson,,None,MR
12757,FREN 210 - 01,Tpc: Middle Ages Enlightenment,LL,02:50 pm - 04:00 pm,Helene Bilis,,None,TF
10180,FREN 211 - 01,Studies in Language,LL,11:10 am - 12:20 pm,Sylvaine Egron-Sparrow,,None,MR
14011,FREN 217 - 01,Books of the Self,"LL, REP",11:10 am - 12:20 pm,Barry Lydgate,,None,MR
14014,FREN 232 - 01,Occupation and Resistance,"HS, LL",11:10 am - 12:20 pm,Venita Datta,,None,TF
14085,FREN 278 - 01,17th and 18th Cent. French Lit,LL,01:30 pm - 02:40 pm,Helene Bilis,,None,TF
10414,FREN 308 - 01,Advanced Studies Language,LL,02:50 pm - 04:00 pm,James Petterson,,None,MR
14013,FREN 314 - 01,Cinematic Hist. post-WW II,"ARS, LL",09:50 am - 11:00 am,Codruta Morari,,None,TF
14012,FREN 323 - 01,"Liberty, Equality, Sexualities",LL,04:10 pm - 05:20 pm,Scott Gunther,,None,MR
13171,GEOS 101 - 01,Earth Processes&Environ w/LAB,"NPS, QRF",09:50 am - 11:00 am,Daniel Brabander,,None,MR
13172,GEOS 101 - L01,LAB: Earth Processes&Environ,"NPS, QRF",01:00 pm - 04:00 pm,Kathleen Gilbert,,None,M
13266,GEOS 101 - L02,LAB: Earth Processes&Environ,"NPS, QRF",02:15 pm - 05:15 pm,Maria Waller,,None,W
12193,GEOS 102 - 01,The Dynamic Earth w/Lab,NPS,09:50 am - 11:00 am,James Besancon,,None,TF
12191,GEOS 102 - L01,LAB: The Dynamic Earth,NPS,01:00 pm - 04:00 pm,Kathleen Gilbert,,None,T
12196,GEOS 102 - L02,LAB: The Dynamic Earth,NPS,01:00 pm - 04:00 pm,Maria Waller,,None,R
14077,GEOS 120 - 01,Planetary Habitability w/Lab,"MM, NPS",01:30 pm - 04:00 pm,Kim McLeod,; Daniel Brabander,None,MR
14015,GEOS 210 - 01,Hydrogeology w/Lab,"MM, NPS",11:10 am - 12:20 pm,James Besancon,,None,MR
14016,GEOS 210 - L01,LAB: Hydrogeology,"MM, NPS",01:00 pm - 04:00 pm,James Besancon,,None,R
14088,GEOS 220 - 01,Volcanoes w/Lab,NPS,08:30 am - 11:00 am,David Hawkins,,None,MR
14017,GEOS 304 - 01,Sedimentology with Laboratory,NPS,11:10 am - 12:20 pm,Katrin Monecke,,None,TF
14018,GEOS 304 - L01,LAB: Sedimentology,NPS,01:00 pm - 04:00 pm,Katrin Monecke,,None,T
10156,GER 101 - 01,Beginning German I,None,09:50 am - 11:00 am,None,,None,TWF
10153,GER 101 - 02,Beginning German I,None,11:10 am - 12:20 pm,None,,None,TWF
10138,GER 201 - 01,Intermediate German I,None,11:10 am - 12:20 pm,Thomas Nolden,,None,TWF
11164,GER 201 - 02,Intermediate German I,None,01:30 pm - 02:40 pm; 02:15 pm - 03:25 pm,Thomas Nolden,,None,TF; W
14156,GER 229 - 01,Germany in a Global Context,LL,01:30 pm - 02:40 pm,Anjeana Hans,,None,MR
14019,GER 231 - 01,Fairy Tales & German Culture,LL,09:50 am - 11:00 am,Anjeana Hans,,None,MWR
14020,GER 329 - 01,German in a Global Context,LL,01:30 pm - 02:40 pm; 02:15 pm - 03:25 pm,Anjeana Hans,,None,MR; W
10194,GRK 101 - 01,Beginning Greek I,None,08:50 am - 09:40 am,Carol Dougherty,,None,TWRF
11579,GRK 201 - 01,Athenian Literature,LL,09:50 am - 11:00 am; 10:10 am - 11:00 am,Carol Dougherty,,None,TF; W
14021,GRK 304 - 01,Sophocles,LL,01:30 pm - 02:40 pm,Catherine Gilhuly,,None,TF
10056,HEBR 101 - 01,Elementary Hebrew I,None,09:50 am - 11:00 am,Gil Chalamish,,None,MWR
10119,HEBR 201 - 01,Intermediate Hebrew I,None,11:10 am - 12:20 pm,Gil Chalamish,,None,MWR
14087,HIST 114 - 01,FYS: American Hauntings,HS,02:15 pm - 04:45 pm,Katherine Grandjean,,None,W
14023,HIST 115 - 01,FYS: Routes of Exile,HS,02:15 pm - 04:45 pm,Frances Malino,,None,W
14024,HIST 200 - 01,Roots of the Western Tradition,"HS, REP",01:30 pm - 02:40 pm,Guy Rogers,,None,TF
11125,HIST 205 - 01,Making of the Modern World,HS,01:30 pm - 02:40 pm,Yoshihisa Matsusaka,,None,MR
14025,HIST 208 - 01,Society/CultureMedieval Europe,HS,11:10 am - 12:20 pm,Valerie Ramseyer,,None,MR
13194,HIST 245 - 01,History of Am. Capitalism,HS,09:50 am - 11:00 am,Ryan Quintana,,None,TF
14026,HIST 247 - 01,Russia Under the Romanovs,HS,11:10 am - 12:20 pm,Nina Tumarkin,,None,TF
14027,HIST 249 - 01,The Cold War United States,HS,09:50 am - 11:00 am,Brenna Greer,,None,TF
14028,HIST 256 - 01,Colonial America,HS,01:30 pm - 02:40 pm,Katherine Grandjean,,None,MR
14029,HIST 265 - 01,History of Modern Africa,HS,11:10 am - 12:20 pm,Lidwien Kapteijns,,None,TF
13687,HIST 267 - 01,Deep in the Heart: Am.South,HS,01:30 pm - 02:40 pm,Ryan Quintana,,None,TF
11301,HIST 274 - 01,"China,Japan,Korea&Global Persp",HS,04:10 pm - 05:20 pm,Yoshihisa Matsusaka,,None,MR
14030,HIST 276 - 01,The City in South Asia,HS,06:00 pm - 08:30 pm,Nikhil Rao,,None,T
14031,HIST 278 - 01,Reform & Revolution in China,HS,09:50 am - 11:00 am,C. Pat Giersch,,None,MR
14032,HIST 284 - 01,Middle East in Modern History,HS,02:50 pm - 04:00 pm,Lidwien Kapteijns,,None,TF
11829,HIST 302 - 01,Sem: WorldWarII as Memory&Myth,HS,02:50 pm - 05:20 pm,Nina Tumarkin,,None,R
14034,HIST 340 - 01,Blacks in US Visual Culture,HS,09:50 am - 12:20 pm,Brenna Greer,,None,W
14035,HIST 383 - 01,Sem: Partition in South Asia,HS,02:50 pm - 05:20 pm,Nikhil Rao,,None,M
11403,HNUR 101 - 01,Elementary Hindi/Urdu,None,08:30 am - 09:40 am,Neelima Shukla-Bhatt,,None,TWF
11404,HNUR 201 - 01,Intermediate Hindi/Urdu,None,08:30 am - 09:40 am; 12:30 pm - 01:20 pm,Richard Delacy,,None,MR; R
10938,ITAS 101 - 01,Beginning Italian 1,None,08:30 am - 09:40 am,Flavia Laviosa,,None,MWR
10939,ITAS 101 - 02,Beginning Italian 1,None,11:10 am - 12:20 pm,Francesca Southerden,,None,TWF
11246,ITAS 103 - 01,Intensive Italian 1,None,04:10 pm - 05:20 pm,Daniela Bartalesi-Graf,,None,MWR
14042,ITAS 104 - 01,FYS: Cities of Italy,LL,09:50 am - 11:00 am,Sergio Parussa,,None,TF
10940,ITAS 201 - 01,Intermediate Italian I,None,09:50 am - 11:00 am,Flavia Laviosa,,None,MWR
14041,ITAS 201 - 02,Intermediate Italian I,None,08:30 am - 09:40 am,Sergio Parussa,,None,TWF
14043,ITAS 270 - 01,Italy in the 21st Century,LL,08:30 am - 09:40 am,David Ward,,None,TF
14089,ITAS 275 - 01,Desire from Dante to Milton,LL,02:50 pm - 04:00 pm,Francesca Southerden,,None,TF
14045,ITAS 349 - 01,Sem:The Function of Narrative,LL,01:30 pm - 04:00 pm,David Ward,,None,T
10201,JPN 101 - 01,Beginning Japanese I,None,08:30 am - 09:40 am,Eiko Torii-Williams,,None,MTRF
10202,JPN 101 - 02,Beginning Japanese I,None,09:50 am - 11:00 am,Eiko Torii-Williams,,None,MTRF
10203,JPN 201 - 01,Intermediate Japanese I,None,11:10 am - 12:20 pm,Yoshimi Maeno,,None,MTRF
14040,JPN 201 - 02,Intermediate Japanese I,None,01:30 pm - 02:40 pm,None,,None,MTRF
14148,JPN 207 - 01,Short-Form Nonfiction,LL,09:50 am - 11:00 am,James Wallenstein,; Robert Goree,None,MR
10199,JPN 231 - 01,Selectd Read'gs Adv Japanese I,LL,01:30 pm - 02:40 pm; 02:15 pm - 03:25 pm,Yoshimi Maeno,,None,MR; W
14163,JPN 251 - 01,Jpn Writers&Their Worlds(Eng),"ARS, LL",09:50 am - 11:00 am,Carolyn Morley,,None,TF
13783,JPN 280 - 01,Japanese Pop Culture,"ARS, LL",02:50 pm - 04:00 pm,Robert Goree,,None,MR
14164,JPN 351 - 01,Sem:Theaters of Japan (Eng),"ARS, LL",02:15 pm - 04:45 pm,Carolyn Morley,,None,W
14161,JPN 355 - 01,JpnWriters&Their Worlds ,LL,09:50 am - 12:20 pm; 09:50 am - 11:00 am,Carolyn Morley,,None,T; F
14090,JWST 220 - 01,The Image of the Immigrant ,LL,11:10 am - 12:20 pm,None,,None,TF
11265,KOR 101 - 01,Beginning Korean,None,08:30 am - 09:40 am,Seok Bae Jang,,None,MTRF
11266,KOR 201 - 01,Intermediate Korean,None,09:50 am - 11:00 am,Sun-Hee Lee,,None,MTRF
11668,KOR 231 - 01,Advanced Intermediate Korean I,LL,11:10 am - 12:20 pm,Seok Bae Jang,,None,TF
14046,KOR 309 - 01,Advanced Korean,LL,01:30 pm - 02:40 pm,Sun-Hee Lee,,None,MR
10191,LAT 101 - 01,Beginning Latin I,None,08:50 am - 09:40 am,Raymond Starr,,None,MTWR
10511,LAT 200 - 01,Intermediate Latin I,LL,11:10 am - 12:20 pm; 10:10 am - 11:00 am,Elizabeth Young,,None,MR; W
14022,LAT 310 - 01,Roman Historical Myths,"HS, LL",01:30 pm - 02:40 pm,Raymond Starr,,None,MR
12284,LING 114 - 01,Introduction to Linguistics,EC,09:50 am - 11:00 am,Angela Carpenter,,None,TF
14052,LING 312 - 01,"Bilingualism:Lang,Mind&Culture","EC, SBA",01:30 pm - 04:00 pm,Angela Carpenter,,None,T
14176,MAS 115 - 01,Computing for Socio-Techno Web,MM,09:50 am - 11:00 am,Panagiotis Metaxas,,None,TF
14182,MAS 115 - 02,Computing for Socio-Techno Web,MM,11:00 am - 12:20 pm,Panagiotis Metaxas,,None,TF
14201,MAS 115 - D01,DSC: Comp for Socio-Techno Web,MM,08:30 am - 09:40 am,Stella Kakavouli,,None,R
14202,MAS 115 - D02,DSC: Comp for Socio-Techno Web,MM,09:50 am - 11:00 am,Stella Kakavouli,,None,R
14203,MAS 115 - D03,DSC: Comp for Socio-Techno Web,MM,11:10 am - 12:20 pm,Stella Kakavouli,,None,R
14204,MAS 115 - D04,DSC: Comp for Socio-Techno Web,MM,01:30 pm - 02:40 pm,Stella Kakavouli,,None,R
10516,MATH 101 - 01,Reasoning with Data,"MM, QRF",08:30 am - 09:40 am,Qing Wang,,None,TWF
10165,MATH 115 - 01,Calculus I,MM,01:30 pm - 02:40 pm; 02:15 pm - 03:25 pm,Charles Bu,,None,MR; W
10150,MATH 115 - 02,Calculus I,MM,02:50 pm - 04:00 pm; 03:35 pm - 04:45 pm,Charles Bu,,None,MR; W
10177,MATH 115 - 03,Calculus I,MM,08:30 am - 09:40 am,Karen Lange,,None,TWF
14091,MATH 115Z - 01,Applied Calculus,MM,09:50 am - 11:00 am,Stanley Chang,,None,TWF
10163,MATH 116 - 01,Calculus II,MM,08:30 am - 09:40 am,Helen Wang,,None,MWR
10172,MATH 116 - 02,Calculus II,MM,09:50 am - 11:00 am,Helen Wang,,None,MWR
10410,MATH 116 - 03,Calculus II,MM,11:10 am - 12:20 pm,Jonathan Tannenhauser,,None,MWR
10187,MATH 116 - 04,Calculus II,MM,01:30 pm - 02:40 pm; 02:15 pm - 03:25 pm,None,,None,MR; W
10141,MATH 116 - 05,Calculus II,MM,02:50 pm - 04:00 pm; 03:35 pm - 04:45 pm,None,,None,MR; W
11247,MATH 116 - 06,Calculus II,MM,11:10 am - 12:20 pm,Martin Magid,,None,TWF
13704,MATH 116 - 07,Calculus II,MM,02:50 pm - 04:00 pm; 03:35 pm - 04:45 pm,Philip Hirschhorn,,None,TF; W2
10139,MATH 120 - 01,Calculus IIA,MM,11:10 am - 12:20 pm,Alexander Diesl,,None,MWR
14038,MATH 201 - 01,FYS: Euler,MM,08:30 am - 09:40 am,Jonathan Tannenhauser,,None,MWR
10158,MATH 205 - 01,Multivariable Calculus,MM,11:10 am - 12:20 pm,Andrew Schultz,,None,MWR
10131,MATH 205 - 02,Multivariable Calculus,MM,01:30 pm - 02:40 pm; 02:15 pm - 03:25 pm,Andrew Schultz,,None,MR; W
10167,MATH 205 - 03,Multivariable Calculus,MM,08:30 am - 09:40 am,Megan Kerr,,None,TWF
11350,MATH 205 - 04,Multivariable Calculus,MM,09:50 am - 11:00 am,Megan Kerr,,None,TWF
10128,MATH 206 - 01,Linear Algebra,MM,09:50 am - 11:00 am,Alexander Diesl,,None,MWR
10267,MATH 206 - 02,Linear Algebra,MM,11:10 am - 12:20 pm,Frederic Shultz,,None,MWR
11002,MATH 215 - 01,Mathematics for the Sciences I,MM,08:30 am - 09:40 am,Oscar Fernandez,,None,MWR
12294,MATH 215 - 02,Mathematics for the Sciences I,MM,09:50 am - 11:00 am,Oscar Fernandez,,None,MWR
11580,MATH 220 - 01,Prob & Elem Statistics,"MM, QRF",11:10 am - 12:20 pm,Qing Wang,,None,TWF
10146,MATH 225 - 01,Combinatorics&Graph Theory,MM,08:30 am - 09:40 am,Frederic Shultz,,None,MWR
13311,MATH 225 - 02,Combinatorics&Graph Theory,MM,09:50 am - 11:00 am,Ann Trenk,,None,TWF
11405,MATH 302 - 01,Elements of Analysis I,MM,09:50 am - 11:00 am,Karen Lange,,None,TWF
13705,MATH 303 - 01,Tpc: Lebesgue Theory,MM,09:50 am - 11:00 am; 09:50 am - 11:00 am,Ismar Volic,,None,MR; W1
10152,MATH 305 - 01,Abstract Algebra,MM,11:10 am - 12:20 pm,Stanley Chang,,None,TWF
12122,MATH 307 - 01,Topology,MM,01:30 pm - 02:40 pm; 02:15 pm - 03:25 pm,Philip Hirschhorn,,None,TF; W2
14037,MATH 322 - 01,Advanced Linear Algebra,MM,01:30 pm - 02:40 pm; 02:15 pm - 03:25 pm,Ismar Volic,,None,MR; W1
14039,MATH 325 - 01,Graph Theory,MM,08:30 am - 09:40 am,Ann Trenk,,None,TWF
14157,ME/R 275 - 01,Desire from Dante to Milton,LL,02:50 pm - 04:00 pm,Francesca Southerden,,None,TF
13784,MUS 100 - 01,Musical Literacies,ARS,09:50 am - 11:00 am,David Russell,,None,MWR
10265,MUS 122 - 01,Harmonic Concepts Tonal Music,ARS,09:50 am - 11:00 am,Jenny Tang,,None,MWR
10110,MUS 200 - 01,Hist West Mus: I,ARS,11:10 am - 12:20 pm; 11:10 am - 12:20 pm,Claire Fontijn,,None,MR; W1
12212,MUS 202 - 01,History of Western Music III,ARS,11:10 am - 12:20 pm; 11:10 am - 12:20 pm,Gurminder Bhogal,,None,TF; W2
14058,MUS 210 - 01,Music and theGlobal Metropolis,ARS,09:50 am - 11:00 am,Kariann Goldschmitt,,None,TF
12213,MUS 220 - 01,Jazz Theory,ARS,01:30 pm - 04:00 pm,Katharine Miller,,None,T
12729,MUS 235 - 01,Tpc: French Piano Music,ARS,01:30 pm - 04:00 pm,Gurminder Bhogal,,None,T
14054,MUS 275 - 01,Cmptr Mus: Syn Tech&Comp Prac,ARS,02:50 pm - 04:00 pm,Jenny Johnson,,None,MR
13217,MUS 276 - 01,American Popular Music,ARS,11:10 am - 12:20 pm,Kariann Goldschmitt,,None,TF
13785,MUS 300 - 01,Sem:Tpc: Listening to Film,ARS,09:50 am - 11:00 am,Martin Brody,,None,TF
10950,MUS 315 - 01,Advanced Harmony,ARS,01:30 pm - 02:40 pm,Jenny Tang,,None,MR
14145,MUS 333 - 01,Postwar Modern,ARS,01:30 pm - 04:00 pm,Patricia Berman,; Martin Brody; Alice Friedman,None,T
12730,MUS 335 - 01,Tpc: French Piano Music,ARS,01:30 pm - 04:00 pm,Gurminder Bhogal,,None,T
10271,MUS 344 - 01,Performing Music,ARS,02:15 pm - 04:45 pm,David Russell,; Jenny Tang,None,W
11324,NEUR 100 - 01,Intro to Neuroscience w/Pract,"EC, NPS",09:50 am - 11:00 am,Marc Tetel,,None,MR
11325,NEUR 100 - L01,Pract: Intro to Neuroscience,"EC, NPS",01:30 pm - 02:40 pm,Virginia Quinan,,None,M
11326,NEUR 100 - L02,Pract: Intro to Neuroscience,"EC, NPS",03:10 pm - 04:20 pm,Virginia Quinan,,None,M
11351,NEUR 200 - 01,"Neur, Netwrks & Behavior w/Lab","EC, NPS",11:10 am - 12:20 pm,Sharon Gobes,,None,TF
11352,NEUR 200 - L01,"LAB:Neurons, Networks&Behavior","EC, NPS",02:15 pm - 05:45 pm,Virginia Quinan,,None,W
11353,NEUR 200 - L02,"LAB:Neurons, Networks&Behavior","EC, NPS",01:00 pm - 04:30 pm,Virginia Quinan,,None,R
11603,NEUR 300 - 01,Capstone Seminar Neuroscience,"EC, NPS",01:30 pm - 02:40 pm,Sara Wasserman,,None,MR
11604,NEUR 300 - 02,Capstone Seminar Neuroscience,"EC, NPS",09:50 am - 11:00 am,Michael Wiest,,None,TF
12785,NEUR 300 - 03,Capstone Seminar Neuroscience,"EC, NPS",02:15 pm - 04:45 pm,Sharon Gobes,,None,W
13713,NEUR 300 - 04,Capstone Seminar Neuroscience,"EC, NPS",06:30 pm - 09:00 pm,None,,None,W
14178,NEUR 310 - 01,Neuroethology: Decision Making,NPS,11:10 am - 12:20 pm,Sara Wasserman,,None,MR
14062,NEUR 315 - 01,Neuroendocrinology w/Lab,"EC, NPS",09:50 am - 11:00 am,Marc Tetel,,None,TF
14063,NEUR 315 - L01,LAB: Neuroendocrinology,"EC, NPS",12:30 pm - 04:00 pm,Marc Tetel,,None,T
14064,NEUR 335 - 01,Computational Neurosci w/LAB,"MM, NPS",09:50 am - 11:00 am,Michael Wiest,,None,MR
14065,NEUR 335 - L01,LAB: Computational Neurosci,"MM, NPS",12:30 pm - 04:00 pm,Michael Wiest,,None,R
11283,PEAC 104 - 01,Intro Peace/Conflict/Justice,"REP, SBA",08:30 am - 09:40 am,Lawrence Rosenwald,,None,MR
14159,PEAC 119 - 01,"FYS: Hiroshima, Nagasaki & Yus","HS, REP",02:15 pm - 04:45 pm,T. James Kodera,,None,W
14066,PEAC 205 - 01,Gender/War/Peacebuilding,SBA,09:50 am - 11:00 am,Catia Confortini,,None,TF
14211,PEAC 259 - 01,"Tpc:Womens Art&Activism,L-Amer",LL,11:10 am - 12:20 pm,Marjorie Agosin,,None,MR
13219,PEAC 304 - 01,Sem:TPC:TraumaConflctNarrative,None,02:50 pm - 04:00 pm,Catia Confortini,; Margaret Cezair-Thompson,None,TF
14096,PHIL 102 - 01,FYS: History of Marriage,REP,09:50 am - 12:20 pm,Julie Walsh,,None,W
10409,PHIL 103 - 01,Self&World:IntroMetaphy&Epist,EC,04:10 pm - 05:20 pm,Catherine Wearing,,None,MR
10160,PHIL 106 - 01,Intro to Moral Philosophy,REP,09:50 am - 11:00 am,Alison McIntyre,,None,MR
14094,PHIL 108 - 01,FYS: Friendship,REP,01:30 pm - 04:00 pm,Corinne Gartner,,None,F
13717,PHIL 200 - 01,Philosophy of Witchcraft,"EC, REP",09:50 am - 11:00 am,Julie Walsh,,None,TF
14093,PHIL 201 - 01,Ancient Greek Philosophy,"EC, REP",11:10 am - 12:20 pm,Corinne Gartner,,None,TF
13220,PHIL 203 - 01,Philosophy of Art,"ARS, EC",08:30 am - 09:40 am,Erich Matthes,,None,MR
10774,PHIL 215 - 01,Philosophy of Mind,EC,01:30 pm - 02:40 pm,Alison McIntyre,,None,MR
10174,PHIL 216 - 01,Logic,EC,02:50 pm - 04:00 pm,Catherine Wearing,,None,MR
14092,PHIL 226 - 01,Philosophy of Law,REP,09:50 am - 11:00 am,Helena de Bres,,None,TF
14095,PHIL 234 - 01,From Wilderness to Ruins,REP,11:10 am - 12:20 pm,Erich Matthes,,None,MR
14067,PHIL 342 - 01,Sem:Tpc: Liberalism,REP,01:30 pm - 04:00 pm,Helena de Bres,,None,T
10016,PHYS 104 - 01,Fundamentals Mechanics w/Lab,"MM, NPS",09:50 am - 11:00 am,Tracy McAskill,,None,MWR
10517,PHYS 104 - 02,Fundamentals Mechanics w/Lab,"MM, NPS",09:50 am - 11:00 am,Yue Hu,,None,TWF
10007,PHYS 104 - L01,LAB: Fundamentals of Mechanics,"MM, NPS",01:30 pm - 04:30 pm,Tracy McAskill,,None,M
10024,PHYS 104 - L02,LAB: Fundamentals of Mechanics,"MM, NPS",12:30 pm - 03:30 pm,Lauri Wardell,,None,T
10098,PHYS 104 - L03,LAB: Fundamentals of Mechanics,"MM, NPS",02:15 pm - 05:15 pm,Lauri Wardell,,None,W
10092,PHYS 104 - L04,LAB: Fundamentals of Mechanics,"MM, NPS",01:30 pm - 04:30 pm,Lauri Wardell,,None,R
11251,PHYS 106 - 01,"Fund. Elec,Magn,&Optics w/Lab","MM, NPS",08:30 am - 09:40 am,Jerome Fung,,None,TWF
11252,PHYS 106 - L01,LAB:PHYS 106 & 108,"MM, NPS",02:15 pm - 05:15 pm,George Caplan,,None,W
11323,PHYS 106 - L02,LAB:PHYS 106 & 108,"MM, NPS",01:30 pm - 04:30 pm,Glenn Stark,,None,R
11331,PHYS 106 - L03,LAB:PHYS 106 & 108,"MM, NPS",01:30 pm - 04:30 pm,George Caplan,,None,F
10094,PHYS 107 - 01,Princip& Applc.Mechanics w/Lab,"MM, NPS",09:50 am - 11:00 am,James Battat,,None,MWR
10069,PHYS 107 - 02,Princip& Applc.Mechanics w/Lab,"MM, NPS",11:10 am - 12:20 pm,Robert Berg,,None,TWF
10107,PHYS 107 - L01,LAB:Princip. & Applc.Mechanics,"MM, NPS",01:30 pm - 04:30 pm,James Battat,,None,M
10043,PHYS 107 - L02,LAB:Princip. & Applc.Mechanics,"MM, NPS",12:30 pm - 03:30 pm,James Battat,,None,T
10093,PHYS 107 - L03,LAB:Princip. & Applc.Mechanics,"MM, NPS",02:15 pm - 05:15 pm,Robert Berg,,None,W
11699,PHYS 107 - L04,LAB: Princip& Applc.Mechanics,"MM, NPS",01:30 pm - 04:30 pm,Robert Berg,,None,R
11304,PHYS 108 - 01," Applc Elec,Magn&Optics w/Lab","MM, NPS",11:10 am - 12:20 pm,Glenn Stark,,None,TWF
11305,PHYS 108 - L01,LAB:PHYS 106 & 108,"MM, NPS",02:15 pm - 05:15 pm,George Caplan,,None,W
11306,PHYS 108 - L02,LAB:PHYS 106 & 108,"MM, NPS",01:30 pm - 04:30 pm,Glenn Stark,,None,R
11332,PHYS 108 - L03,LAB:PHYS 106 & 108,"MM, NPS",01:30 pm - 04:30 pm,George Caplan,,None,F
10066,PHYS 202 - 01,Intro Quantum Mechanics w/Lab,"MM, QRF, NPS",11:10 am - 12:20 pm,Theodore Ducas,,None,MWR
11895,PHYS 202 - L01,LAB: Intro Quantum Mechanics,"MM, QRF, NPS",01:30 pm - 04:30 pm,Lauri Wardell,,None,M
12125,PHYS 202 - L02,LAB: Intro Quantum Mechanics,"MM, QRF, NPS",12:30 pm - 03:30 pm,Jerome Fung,,None,T
13446,PHYS 202 - L03,LAB: Intro Quantum Mechanics,"MM, QRF, NPS",02:15 pm - 05:15 pm,Jerome Fung,,None,W
14097,PHYS 265 - 01,Thinking Physics,"MM, NPS",02:50 pm - 04:00 pm,Theodore Ducas,,None,MR
10198,PHYS 302 - 01,Quantum Mechanics,"MM, NPS",02:50 pm - 04:00 pm; 03:35 pm - 04:45 pm,Tracy McAskill,,None,TF; W
11896,PHYS 314 - 01,Electromagnetic Theory,"MM, NPS",01:30 pm - 02:40 pm; 02:15 pm - 03:25 pm,None,,None,MR; W
14103,POL 109 - 01,FYS: Democracy in America,SBA,11:10 am - 12:20 pm,Tom Burke,,None,TF
13791,POL 116 - 01,FYS: Authoritarianism,SBA,02:15 pm - 04:45 pm,Igor Logvinenko,,None,W
12153,POL1 200 - 01,American Politics,SBA,01:30 pm - 02:40 pm,Tom Burke,,None,TF
12279,POL1 200 - 02,American Politics,SBA,11:10 am - 12:20 pm,Nancy Scherer,,None,TF
14102,POL1 200 - 03,American Politics,SBA,01:30 pm - 02:40 pm,None,,None,MR
14099,POL1 303 - 01,The Politics of Crime,SBA,01:30 pm - 04:00 pm,Nancy Scherer,,None,T
14212,POL1 313 - 01,Amer Presidential Politics,SBA,09:50 am - 11:00 am,None,,None,MR
14101,POL1 319 - 01,Sem: Campaigns & Elections,SBA,01:30 pm - 04:00 pm,Marion Just,,None,R
13724,POL2 202 - 01,Comparative Politics,SBA,08:30 am - 09:40 am,Nadya Hajj,,None,MR
14107,POL2 204 - 01,Pol Econ of Dev & Underdev,SBA,08:30 am - 09:40 am,Craig Murphy,,None,TF
13226,POL2 205 - 01,Politics Europe & Euro Union,SBA,09:50 am - 11:00 am,Joel Krieger,,None,TF
11285,POL2 214 - 01,Soc Cause & Conseq Env Probs,SBA,09:50 am - 11:00 am,Elizabeth DeSombre,,None,MR
14104,POL2 217 - 01,Politics of Mid East&No Africa,SBA,11:10 am - 12:20 pm,Nadya Hajj,,None,MR
14100,POL2 306 - 01,Sem: Revolution,SBA,09:50 am - 12:20 pm,William Joseph,,None,W
11900,POL3 221 - 01,World Politics,SBA,11:10 am - 12:20 pm,Craig Murphy,,None,TF
13353,POL3 221 - 02,World Politics,SBA,01:30 pm - 02:40 pm,Katharine Moon,,None,MR
12742,POL3 224 - 01,International Security,SBA,09:50 am - 11:00 am,Paul MacDonald,,None,TF
14106,POL3 323 - 01,Int'l Pol Economy,SBA,11:10 am - 12:20 pm,Igor Logvinenko,,None,MR
14207,POL3 352 - 01,Sem: Small Wars & Insurgencies,SBA,02:15 pm - 04:45 pm,Paul MacDonald,,None,W
14105,POL4 249 - 01,"Politics Right, Left, Center",REP,02:50 pm - 04:00 pm,Laura Grattan,,None,MR
13720,POL4 340 - 01,American Political Thought,REP,11:10 am - 12:20 pm,Laura Grattan,,None,MR
13241,POL4 343 - 01,Sem: Democracy & Difference,REP,01:30 pm - 04:00 pm,Joel Krieger,,None,T
12812,PORT 103 - 01,Intensive Element. Portuguese,None,11:10 am - 12:20 pm; 11:10 am - 12:50 pm,Antonio Igrejas,,None,MTW; R
13793,PORT 241 - 01,Intro. to Lusophone Studies,LL,01:30 pm - 02:40 pm,Antonio Igrejas,,None,MR
10002,PSYC 101 - 01,Intro to Psychology,SBA,08:30 am - 09:40 am,Jeremy Wilmer,,None,TF
10085,PSYC 101 - 02,Intro to Psychology,SBA,09:50 am - 11:00 am,Stephen Chen,,None,TF
10001,PSYC 101 - 03,Intro to Psychology,SBA,11:10 am - 12:20 pm,Linda Carli,,None,TF
10020,PSYC 101 - 04,Intro to Psychology,SBA,08:30 am - 09:40 am,Kyra Kulik-Johnson,,None,MR
11600,PSYC 101 - 05,Intro to Psychology,SBA,09:50 am - 11:00 am,Kyra Kulik-Johnson,,None,MR
10075,PSYC 205 - 01,Statistics w/Lab,"QRF, SBA",08:30 am - 09:40 am,Beth Hennessey,,None,MR
10071,PSYC 205 - 02,Statistics w/Lab,"QRF, SBA",01:30 pm - 02:40 pm,Jonathan Cheek,,None,TF
10101,PSYC 205 - 1LA,LAB: Statistics,"QRF, SBA",09:50 am - 11:00 am,Beth Hennessey,,None,M
10055,PSYC 205 - 1LB,LAB: Statistics,"QRF, SBA",09:50 am - 11:00 am,Beth Hennessey,,None,R
10105,PSYC 205 - 2LA,LAB: Statistics,"QRF, SBA",02:15 pm - 03:25 pm,Jonathan Cheek,,None,W
10015,PSYC 205 - 2LB,LAB: Statistics,"QRF, SBA",03:35 pm - 04:45 pm,Jonathan Cheek,,None,W
14110,PSYC 208 - 01,Adolescence,SBA,11:10 am - 12:20 pm,Kristen Poston,,None,MR
10005,PSYC 210 - 01,Social Psychology,SBA,02:50 pm - 04:00 pm,Robin Akert,,None,TF
10059,PSYC 212 - 01,Personality,SBA,11:10 am - 12:20 pm,Julie Norem,,None,MR
11400,PSYC 213 - 01,Abnormal Psychology,SBA,11:10 am - 12:20 pm,Paul Wink,,None,MR
12855,PSYC 214 - 01,Evolution and Behavior,"EC, SBA",08:30 am - 09:40 am,Margery Lucas,,None,TF
14111,PSYC 218 - 01,Sensation and Perception,"EC, SBA",01:30 pm - 02:40 pm,Jeremy Wilmer,,None,TF
11601,PSYC 219 - 01,Biological Psychology,"EC, SBA",09:50 am - 11:00 am,None,,None,MR
14143,PSYC 225 - 01,Intro Black Psychology,SBA,07:00 pm - 09:30 pm,Ophera Davis,,None,W
10787,PSYC 299 - 01,Practicum in Psychology,None,None,None,,None,None
14109,PSYC 300 - 01,Sem:Tpc: How We Choose,None,09:50 am - 12:20 pm,Margery Lucas,,None,W
11399,PSYC 307R - 01,Res Meths in Develop Psych,SBA,08:30 am - 11:00 am,Tracy Gleason,,None,TF
14113,PSYC 310R - 01,Res Meths in Social Psych,SBA,01:30 pm - 04:00 pm,Angela Bahns,,None,MR
11309,PSYC 312R - 01,Res Meth Personality Psyc,SBA,01:30 pm - 04:00 pm,Julie Norem,,None,MR
13820,PSYC 319 - 01,Neuropsychology,"EC, SBA",01:30 pm - 04:00 pm,Margaret Keane,,None,R
14115,PSYC 325 - 01,Sem:Adolescent Psych,None,01:30 pm - 04:00 pm,Kristen Poston,,None,M
14112,PSYC 333 - 01,Clinical & Educ Assessments,SBA,01:30 pm - 04:00 pm,Paul Wink,,None,M
12647,PSYC 334 - 01,Sem: Psychology of Creativity,SBA,09:50 am - 12:20 pm,Beth Hennessey,,None,T
13315,PSYC 340 - 01,Organizational Psychology,SBA,02:50 pm - 04:00 pm,Linda Carli,,None,TF
14114,PSYC 346 - 01,Sem: Culture and Emotion,SBA,01:30 pm - 04:00 pm,Stephen Chen,,None,T
13203,PSYC 349 - 01,Sem: Nonverbal Communication,SBA,06:15 pm - 08:45 pm,Robin Akert,,None,R
10615,QR 140 - 01,Intro Quantitative Reasoning,QRB,08:30 am - 09:40 am,Corrine Taylor,,None,MWR
10616,QR 140 - 02,Intro Quantitative Reasoning,QRB,11:10 am - 12:20 pm,Jessica Polito,,None,MWR
10632,QR 140 - 03,Intro Quantitative Reasoning,QRB,01:30 pm - 02:40 pm; 02:15 pm - 03:25 pm,Jessica Polito,,None,MR; W
13730,QR 260 - 01,ApplDataAnalysis&StatInference,MM,09:50 am - 11:00 am,Cassandra Pattanayak,,None,TWF
14116,REL 104 - 01,Study of Hebrew Bible/Old Test,"HS, REP",09:50 am - 11:00 am,Edward Silver,,None,MR
13205,REL 108 - 01,Intro to Asian Religions,REP,11:10 am - 12:20 pm,T. James Kodera,,None,MR
13822,REL 114 - 01,FYS: Science & The Bible,REP,07:00 pm - 09:30 pm,Edward Silver,,None,M
14127,REL 119 - 01,"FYS: Hiroshima, Nagasaki & Yus","HS, REP",02:15 pm - 04:45 pm,T. James Kodera,,None,W
14213,REL 200 - 01,Theories of Religion,"REP, SBA",11:10 am - 12:20 pm,Stephen Marini,,None,TF
14117,REL 226 - 01,The Virgin Mary,"HS, REP",01:30 pm - 02:40 pm,Sharon Elkins,,None,MR
14220,REL 235 - 01,"Rel, Heal, and Med",REP,01:30 pm - 02:40 pm,None,,None,TF
14118,REL 240 - 01,"Romans, Jews, and Christians","HS, REP",02:50 pm - 04:00 pm,Barbara Geller,,None,TF
14120,REL 263 - 01,Formation of Islam Relig Trad,"HS, REP",08:30 am - 09:40 am,Louise Marlow,,None,TF
14214,REL 281 - 01,Sacred Arts of South Asia,"ARS, REP",06:00 pm - 08:30 pm,Neelima Shukla-Bhatt,,None,W
14121,REL 319 - 01,"Sem:Religion,Law & Politics","HS, REP",09:50 am - 12:20 pm,Stephen Marini,,None,W
14122,REL 323 - 01,Seminar: Feminist Theologies,"REP, SBA",02:15 pm - 04:45 pm,Sharon Elkins,,None,W
14123,REL 343 - 01,Sem: Apocalypse and Armageddon,REP,02:50 pm - 05:20 pm,Barbara Geller,,None,R
14221,REL 361 - 01,Sem: Studying Islam & Mid.East,"HS, REP",09:50 am - 11:00 am,Louise Marlow,,None,TF
11584,RUSS 101 - 01,Elementary Russian I,None,08:30 am - 09:40 am; 12:30 pm - 01:20 pm,Thomas Hodge,,None,TWF; F
11585,RUSS 201 - 01,Intermediate Russian I,LL,11:10 am - 12:20 pm,Alla Epsteyn,,None,TWF
10184,RUSS 251 - 01,Russ Lit in Trans: 19th C.,LL,09:50 am - 11:00 am,Thomas Hodge,,None,TF
10095,RUSS 301 - 01,Tpc: Moscow,LL,01:30 pm - 02:40 pm; 02:15 pm - 03:25 pm,Alla Epsteyn,,None,TF; W
14217,RUSS 333 - 01,19C Russian Narrative Poetry,LL,12:30 pm - 01:20 pm,Thomas Hodge,,None,R
14036,SAS 211 - 01,Sacred Arts of South Asia,"ARS, REP",06:00 pm - 08:30 pm,Neelima Shukla-Bhatt,,None,W
12245,SOC 137 - 01,FYS: Reading Sociology,SBA,08:30 am - 09:40 am,Peggy Levitt,,None,MR
12152,SOC 138 - 01,Soc Constr Deviance: Intro Soc,SBA,09:50 am - 11:00 am,Lee Cuba,,None,TF
11148,SOC 190 - 01,Intro Prob&Stat Methods w/Lab,"QRF, SBA",02:50 pm - 04:00 pm; 03:35 pm - 04:45 pm,Phillip Levine,,None,MR; W1
11314,SOC 190 - 02,Intro Prob&Stat Methods w/Lab,"QRF, SBA",08:30 am - 09:40 am; 08:30 am - 09:40 am,Joseph Swingle,,None,TF; W2
11149,SOC 190 - 1LA,LAB: Prob&Statistical Methods,"QRF, SBA",09:50 am - 11:00 am,Phillip Levine,,None,T
11150,SOC 190 - 1LB,LAB: Prob&Statistical Methods,"QRF, SBA",11:00 am - 12:20 pm,Phillip Levine,,None,T
11151,SOC 190 - 2LA,LAB: Prob&Statistical Methods,"QRF, SBA",09:50 am - 11:00 am,Joseph Swingle,,None,W
11152,SOC 190 - 2LB,LAB: Prob&Statistical Methods,"QRF, SBA",11:10 am - 12:20 pm,Joseph Swingle,,None,W
11365,SOC 200 - 01,Classical Social Theory,SBA,09:50 am - 11:00 am,Markella Rutherford,,None,MR
14125,SOC 214 - 01,Profession & Vocation of Medic,SBA,11:10 am - 12:20 pm,Jonathan Imber,,None,TF
13322,SOC 246 - 01,U.S. Immigration ,SBA,11:10 am - 12:20 pm,Peggy Levitt,,None,MR
13823,SOC 249 - 01,"Celebrity, Fame, and Fortune",SBA,01:30 pm - 04:00 pm,Jonathan Imber,,None,T
13830,SOC 260 - 01,Dissent &Freedom of Expression,SBA,01:30 pm - 04:00 pm,Thomas Cushman,,None,M
14124,SOC 281 - 01,Morals and Markets,SBA,01:30 pm - 04:00 pm,Joshua McCabe,,None,R
12817,SOC 307 - 01,Learning by Giving,SBA,11:10 am - 12:20 pm,Lee Cuba,,None,TF
13324,SOC 308 - 01,Children in Society,SBA,09:50 am - 12:20 pm,Markella Rutherford,,None,W
10109,SPAN 101 - 01,Elementary Spanish I,None,08:30 am - 09:40 am,Nancy Hall,,None,TWF
10079,SPAN 101 - 02,Elementary Spanish I,None,09:50 am - 11:00 am,Eileen O'Connor,,None,MWR
10009,SPAN 201 - 01,Intermediate Spanish I,None,08:30 am - 09:40 am,Veronica Darer,,None,MWR
10065,SPAN 201 - 02,Intermediate Spanish I,None,11:10 am - 12:20 pm,Eileen O'Connor,,None,MWR
10100,SPAN 201 - 03,Intermediate Spanish I,None,01:30 pm - 02:40 pm; 02:15 pm - 03:25 pm,Inela Selimovic,,None,MR; W
10086,SPAN 201 - 04,Intermediate Spanish I,None,02:50 pm - 04:00 pm; 03:35 pm - 04:45 pm,Inela Selimovic,,None,MR; W
10060,SPAN 201 - 05,Intermediate Spanish I,None,08:30 am - 09:40 am,Jill Syverson-Stork,,None,TWF
10858,SPAN 201 - 06,Intermediate Spanish I,None,11:10 am - 12:20 pm,Jill Syverson-Stork,,None,TWF
10057,SPAN 241 - 01,Intro to Hispanic Studies,LL,08:30 am - 09:40 am,Joy Renjilian-Burgy,,None,MR
10096,SPAN 241 - 02,Intro to Hispanic Studies,LL,09:50 am - 11:00 am,Joy Renjilian-Burgy,,None,MR
11261,SPAN 241 - 03,Intro to Hispanic Studies,LL,09:50 am - 11:00 am,Evelina Guzauskyte,,None,TF
14053,SPAN 241 - 04,Intro to Hispanic Studies,LL,01:30 pm - 02:40 pm,Evelina Guzauskyte,,None,TF
11278,SPAN 242 - 01,Literary Genres Spain & Lat Am,LL,09:50 am - 11:00 am,Koichi Hagimoto,,None,TF
14055,SPAN 243 - 01,Spanish for Heritage Learners,LL,09:50 am - 11:00 am,Veronica Darer,,None,MR
14056,SPAN 254 - 01,Spanish Literature Since 1936,LL,01:30 pm - 02:40 pm,Carlos Ramos,,None,TF
14057,SPAN 263 - 01,"Women's Art & Activism,L-Amer",LL,11:10 am - 12:20 pm,Marjorie Agosin,,None,MR
11638,SPAN 272 - 01,Cultures of Spain,LL,11:10 am - 12:20 pm,Carlos Ramos,,None,TF
14128,SPAN 308 - 01,Masculinities Med/Ren Spain,LL,02:50 pm - 04:00 pm,Carlos Vega,,None,TF
14059,SPAN 309 - 01,Sem: Cuban Lit and Cul,LL,02:15 pm - 04:45 pm,Koichi Hagimoto,,None,W
14060,SPAN 323 - 01,Sem: Modern Mexico,LL,01:30 pm - 04:00 pm,Nancy Hall,,None,R
14061,SPAN 327 - 01,Sem:Latin Amer. Women Writers,LL,01:30 pm - 04:00 pm,Marjorie Agosin,,None,M
14051,SUST 201 - 01,Introduction to Sustainability,None,03:30 pm - 06:30 pm,James Turner,,None,W
11408,SWA 101 - 01,Elementary Swahili,None,11:10 am - 12:20 pm,Geofred Osoro,,None,MWR
12820,SWA 201 - 01,Intermediate Swahili I,None,11:10 am - 12:20 pm,Geofred Osoro,,None,MWR
13748,THST 101 - 01,FYS: Can We Have An Argument?,ARS,01:30 pm - 04:00 pm,Diego Arciniegas,,None,M
13747,THST 106 - 01,Speaking Truth,ARS,02:15 pm - 04:45 pm,Lois Roach,,None,W
14050,THST 200 - 01,Trailblazing Women of Am. Com.,ARS,09:50 am - 12:20 pm,Marta Rainer,,None,T
12748,THST 203 - 01,"Plays, Production, Performance",ARS,04:10 pm - 05:20 pm,Nora Hussey,,None,MR
11410,THST 204 - 01,Introduction to Acting,ARS,09:50 am - 12:20 pm,Diego Arciniegas,,None,M
13293,THST 207 - 01,Stagecraft for Performance,ARS,09:50 am - 12:20 pm,David Towlun,,None,R
11276,THST 209 - 01,Intro to Art of Scenic Design,ARS,01:30 pm - 04:00 pm,Jane Howland,,None,T
13325,THST 212 - 01,"Women, Center Stage",ARS,09:50 am - 12:20 pm,Melinda Lopez,,None,F
14126,THST 214 - 01,Voice and Movement for Actors,ARS,02:50 pm - 04:00 pm,Marta Rainer,,None,F
11275,THST 221 - 01,The Art of Playwriting,ARS,09:50 am - 12:20 pm,Lois Roach,,None,W
14162,THST 251 - 01,Jpn Writers&Their Worlds(Eng),LL,09:50 am - 11:00 am,Carolyn Morley,,None,TF
14129,THST 351 - 01,Sem:Theaters of Japan (Eng),"ARS, LL",02:15 pm - 04:45 pm,Carolyn Morley,,None,W
14130,THST 355 - 01,JpnWriters&Their Worlds ,LL,09:50 am - 12:20 pm; 09:50 am - 11:00 am,Carolyn Morley,,None,T; F
11394,WGST 120 - 01,Intro to Women's & Gender Stud,"LL, SBA",11:10 am - 12:20 pm,Irene Mata,,None,TF
11395,WGST 120 - 02,Intro to Women's & Gender Stud,"LL, SBA",01:30 pm - 02:40 pm,Shannon Weber,,None,TF
13365,WGST 150 - 01,Health and Society,SBA,08:30 am - 09:40 am,Charlene Galarneau,,None,TF
13839,WGST 208 - 01,LGBTQ Queer Cultures ,SBA,02:50 pm - 04:00 pm,Shannon Weber,,None,TF
13749,WGST 212 - 01,Feminist Bioethics,REP,11:10 am - 12:20 pm,Charlene Galarneau,,None,TF
14047,WGST 217 - 01,Growing Up Gendered,SBA,01:30 pm - 04:00 pm,Nancy Marshall,,None,R
14048,WGST 223 - 01,Gendering the Bronze Screen,ARS,02:15 pm - 04:45 pm,Irene Mata,,None,W
14215,WGST 225 - 01,Politics and Sexuality,SBA,09:50 am - 11:00 am,None,,None,MR
14049,WGST 305 - 01,"Sem:Rep of Women,Natives&Othrs","ARS, LL",01:30 pm - 04:00 pm,Elena Creef,,None,T
12821,WGST 310 - 01,Health Activism,HS,01:30 pm - 04:00 pm,Susan Reverby,,None,M
14216,WGST 324 - 01,"Sem:Hist,Mem&Wom's Life Writ",EC,09:50 am - 12:20 pm,None,,None,W
13802,WRIT 101 - 01,ANTH 114 Med Messages I,"SBA, W",01:30 pm - 02:40 pm,Justin Armstrong,,None,MR
12309,WRIT 105 - 01,ENG120 Critical Interpretation,"LL, W",09:50 am - 11:00 am; 12:30 pm - 01:20 pm,Margery Sabin,,None,TF; T
12316,WRIT 105 - 02,ENG120 Critical Interpretation,"LL, W",02:50 pm - 04:00 pm; 02:15 pm - 03:25 pm,Timothy Peltason,,None,MR; W
14131,WRIT 106 - 01,Narrative Theory,W,01:30 pm - 02:40 pm,Yoon Lee,,None,TF
14132,WRIT 107 - 01,ARTH 100 Intro Art & Histories,"ARS, W",02:50 pm - 04:00 pm; 02:15 pm - 03:25 pm,Barbara Lynn-Davis,,None,TF; W
14133,WRIT 110 - 01,WGST108 Soc Constr of Gender,"SBA, W",11:10 am - 01:20 pm; 11:10 am - 12:20 pm,Nancy Marshall,,None,M; R
13383,WRIT 121 - 01,Almost Touching the Skies,W,11:10 am - 12:20 pm,Heather Bryant,,None,TF
13397,WRIT 121 - 02,Almost Touching the Skies,W,01:30 pm - 02:40 pm,Heather Bryant,,None,TF
13851,WRIT 127 - 01,Writing for Change,W,08:30 am - 09:40 am,Erin Battat,,None,TF
14142,WRIT 127 - 02,Writing for Change,W,09:50 am - 11:00 am,Erin Battat,,None,TF
14134,WRIT 135 - 01,Age of the Anti-Hero,W,11:10 am - 12:20 pm,Octavio Gonzalez,,None,MR
14135,WRIT 140 - 01,Romantic Comedy,W,04:10 pm - 05:20 pm,Vernon Shetley,,None,MR
13807,WRIT 157 - 01,What Music Makes Us Feel,W,09:50 am - 11:00 am,Jenny Johnson,,None,MR
12320,WRIT 160 - 01,Magic of Everyday Life,W,02:50 pm - 04:00 pm,Justin Armstrong,,None,MR
14136,WRIT 164 - 01,Supreme Court Shapes America,W,08:30 am - 09:40 am,Lynne Viti,,None,TF
14137,WRIT 166 - 01,"Freedom, Technology & the Law",W,11:10 am - 12:20 pm,Lynne Viti,,None,TF
13760,WRIT 167 - 01,Saints and Sinners,W,09:50 am - 11:00 am,Valerie Ramseyer,,None,MR
14224,WRIT 173 - 01,Perspectives on Food Systems,W,09:50 am - 11:00 am,Katherine Goodall,,None,TF
14138,WRIT 177 - 01,Physical Activity & Cognition,W,01:30 pm - 02:40 pm; 11:10 am - 12:20 pm,Jeannine Johnson,; Connie Bauman,None,MR; W
14139,WRIT 181 - 01,Adaptation in Performing Arts,W,01:30 pm - 02:40 pm,Marta Rainer,,None,TF
14209,WRIT 182 - 01,South Asia in Performance,W,11:10 am - 12:20 pm,Anjali Prabhu,,None,MR
14140,WRIT 183 - 01,"Love, Lovers, and Literature",W,02:50 pm - 04:00 pm,Cord Whitaker,,None,MR
14141,WRIT 201 - 01,Intensive Writing Workshop,None,02:50 pm - 04:00 pm,Heather Bryant,,None,TF
12818,WRIT 307 - 01,Learning by Giving,SBA,11:10 am - 12:20 pm,Lee Cuba,; Anne Brubaker,None,TF
